1,SUELA ELSA BEBE,20,CREPE,1
2,SUELA ELSA PEQUE헤,22,CREPE,52
3,SUELA ELSA PEQUE헤,21,NEGRO,48
4,SUELA ELSA PEQUE헤,22,NEGRO,87
5,SUELA ELSA PEQUE헤,24,NEGRO,48
6,SUELA ELSA MEDIANA,29,CREPE,43
7,SUELA ELSA GRANDE,35,CREPE,16
8,SUELA ELSA GRANDE,36,CREPE,72
9,SUELA ELSA GRANDE,38,CREPE,1
10,SUELA ELSA GRANDE,34,NEGRO,5
11,SUELA ELSA GRANDE,35,NEGRO,10
12,SUELA ELSA GRANDE,36,NEGRO,15
13,SUELA ELSA GRANDE,37,NEGRO,15
14,SUELA ELSA GRANDE,38,NEGRO,10
15,SUELA ELSA GRANDE,39,NEGRO,5
16,SUELA ELSA CON SILVATRIM,35,CREPE,1
17,SUELA ELSA CON SILVATRIM,36,CREPE,43
18,SUELA ELSA CON SILVATRIM,37,CREPE,9
19,SUELA ELSA CON SILVATRIM,38,CREPE,21
20,SUELA ELSA CON SILVATRIM,39,CREPE,8
21,SUELA ELSA CON SILVATRIM,40,CREPE,82
22,SUELA ELSA CON SILVATRIM,34,NEGRO,2
23,SUELA ELSA CON SILVATRIM,35,NEGRO,5
24,SUELA ELSA CON SILVATRIM,36,NEGRO,9
25,SUELA ELSA CON SILVATRIM,37,NEGRO,6
26,SUELA ELSA CON SILVATRIM,39,NEGRO,5
27,SUELA ELSA CON SILVATRIM,40,NEGRO,4
28,SUELA BALETA LADIANA,34,BLANCO,3
29,SUELA BALETA LADIANA,35,BLANCO,6
30,SUELA BALETA LADIANA,34,CREPE,10
31,SUELA BALETA LADIANA,35,CREPE,17
32,SUELA BALETA LADIANA,36,CREPE,79
33,SUELA BALETA LADIANA,37,CREPE,31
34,TAPETE BARDAS 1,0,CREPE,227
35,TAPETE BARDAS 2,0,BLANCO,96
36,TAPETE BARDAS 2,0,CREPE,326
37,TAPETE SIERRA,0,BLANCO,13
38,TAPETE SIERRA,0,CREPE,47
39,TAPETE LINE 1,0,CREPE,7
40,TAPETE LANY 1,0,NEGRO,714
41,TAPETE LANY 2,0,CREPE,232
42,TAPETE SIERRA TROQUELADO FLOWER,36,CREPE,17
43,TAPETE SIERRA TROQUELADO FLOWER,37,CREPE,30
44,TAPETE SIERRA TROQUELADO FLOWER,38,CREPE,50
45,TAPETE SIERRA TROQUELADO FLOWER,39,CREPE,43
46,TAPETE SIERRA TROQUELADO FLOWER,40,CREPE,21
47,SUELIN LISS,35,CREPE,28
48,SUELIN LISS,36,CREPE,77
49,SUELIN LISS,37,CREPE,19
50,SUELIN LISS,40,CREPE,30
51,SUELA TITA,34,CREPE,82
52,SUELA TITA,35,CREPE,43
53,SUELA TITA,38,CREPE,21
54,SUELA TITA,39,CREPE,20
55,SUELA TITA,40,CREPE,34
56,SUELA TITA,34,NEGRO,9
57,SUELA TITA,36,NEGRO,5
58,SUELA TITA,39,NEGRO,5
59,SUELA TITA,40,NEGRO,4
60,SUELA VALENTINA,36,CREPE,12
61,SUELA VALENTINA,37,CREPE,16
62,SUELA VALENTINA,38,CREPE,21
63,SUELA VALENTINA,39,CREPE,3
64,SUELA VALENTINA,40,CREPE,6
65,SUELA LUNA,36,CREPE,6
66,SUELA MACAO,34,CREPE,35
67,SUELA MACAO,38,CREPE,21
68,SUELA MACAO,39,CREPE,6
69,SUELA PILI MEDIANA,27,CREPE,100
70,SUELA PILI MEDIANA,29,CREPE,1
71,SUELA PILI GRANDE,36,CREPE,46
72,SUELA PILI CON SILVATRIM MEDIANA,29,CREPE,1
73,SUELA PILI CON SILVATRIM GRANDE,36,CREPE,1
74,SUELA SAMAYA,34,CREPE,5
75,SUELA SAMAYA,35,CREPE,1
76,SUELA SAMAYA,36,CREPE,50
77,SUELA SAMAYA,34,NEGRO,12
78,SUELA SAMAYA,35,NEGRO,16
79,SUELA SAMAYA,36,NEGRO,24
80,SUELA SAMAYA,37,NEGRO,21
81,SUELA SAMAYA,38,NEGRO,12
82,SUELA SAMAYA,39,NEGRO,3
83,SUELA SAMAYA,40,NEGRO,7
84,SUELA VALEX REDONDA,36,CREPE,330
85,SUELA VALEX REDONDA,37,CREPE,595
86,SUELA VALEX REDONDA,38,CREPE,163
87,SUELA VALEX REDONDA,39,CREPE,7
88,SUELA VALEX REDONDA,40,CREPE,135
89,SUELA VALEX REDONDA,35,NEGRO,328
90,SUELA VALEX REDONDA,36,NEGRO,54
91,SUELA VALEX REDONDA,37,NEGRO,20
92,SUELA VALEX REDONDA,38,NEGRO,19
93,SUELA VALEX PUNTUDA,35,CREPE,119
94,SUELA VALEX PUNTUDA,36,CREPE,153
95,SUELA VALEX PUNTUDA,37,CREPE,209
96,SUELA VALEX PUNTUDA,38,CREPE,151
97,SUELA VALEX PUNTUDA,39,CREPE,159
98,SUELA VALEX PUNTUDA,40,CREPE,69
99,SUELA VALEX PUNTUDA,35,NEGRO,120
100,SUELA VALEX PUNTUDA,36,NEGRO,231
101,SUELA VALEX PUNTUDA,37,NEGRO,186
102,SUELA VALEX PUNTUDA,38,NEGRO,120
103,SUELA VALEX PUNTUDA,39,NEGRO,80
104,SUELA VALEX PUNTUDA,40,NEGRO,35
105,SUELIN MAOLI 7/2,36,NEGRO,61
106,SUELIN MAOLI 7/2,37,NEGRO,49
107,SUELIN MAOLI 7/2,38,NEGRO,60
108,SUELA STEFANY,34,CREPE,50
109,SUELA STEFANY,35,CREPE,50
110,SUELA STEFANY,36,CREPE,10
111,SUELA STEFANY,37,CREPE,11
112,SUELA STEFANY,40,CREPE,50
113,SUELA STEFANY,41,CREPE,30
114,SUELA STEFANY CON SILVATRIM,34,CREPE,28
115,SUELA STEFANY CON SILVATRIM,35,CREPE,760
116,SUELA STEFANY CON SILVATRIM,36,CREPE,284
117,SUELA STEFANY CON SILVATRIM,38,CREPE,453
118,SUELA STEFANY CON SILVATRIM,39,CREPE,344
119,SUELA STEFANY CON SILVATRIM,41,CREPE,5
120,SUELA LINDA PEQUE헤,21,CREPE,61
121,SUELA LINDA PEQUE헤,22,CREPE,50
122,SUELA LINDA PEQUE헤,23,CREPE,2
123,SUELA LINDA PEQUE헤,24,CREPE,30
124,SUELA LINDA PEQUE헤,25,CREPE,41
125,SUELA LINDA PEQUE헤,26,CREPE,11
126,SUELA LINDA MEDIANA,29,CREPE,18
127,SUELA LINDA MEDIANA,31,CREPE,18
128,SUELA LINDA MEDIANA,32,CREPE,3
129,SUELA LINDA GRANDE,35,BLANCO,1
130,SUELA LINDA GRANDE,36,BLANCO,3
131,SUELA LINDA GRANDE,37,BLANCO,3
132,SUELA LINDA GRANDE,38,BLANCO,2
133,SUELA LINDA GRANDE,39,BLANCO,1
134,SUELA LINDA GRANDE,40,BLANCO,1
135,SUELA LINDA GRANDE,34,CREPE,1
136,SUELA LINDA GRANDE,36,CREPE,12
137,SUELA LINDA GRANDE,37,CREPE,5
138,SUELA LINDA GRANDE,38,CREPE,18
139,SUELA LINDA GRANDE,39,CREPE,19
140,SUELA LINDA GRANDE,40,CREPE,11
141,SUELIN PAULA,35,CREPE,19
142,SUELIN BEIRA,35,CREPE,29
143,SUELIN BEIRA,36,CREPE,50
144,SUELIN BEIRA,37,CREPE,47
145,SUELA SOFIA,34,CREPE,14
146,SUELA SOFIA,36,CREPE,16
147,SUELA SOFIA,36,NEGRO,1
148,SUELA SOFIA,37,NEGRO,1
149,SUELA SOFIA,38,NEGRO,2
150,SUELA SOFIA,39,NEGRO,3
151,SUELA SOFIA,40,NEGRO,1
152,SUELA IRIS,34,CREPE,64
153,SUELA IRIS,36,CREPE,1
154,SUELA IRIS,38,CREPE,8
155,SUELA IRIS,39,CREPE,35
156,SUELA IRIS,40,CREPE,15
157,SUELA ELECTRA,39,CREPE,10
158,SUELA ELECTRA,40,CREPE,10
159,SUELA ELECTRA,41,CREPE,20
160,SUELA ELECTRA,34,NEGRO,21
161,SUELA ELECTRA,37,NEGRO,6
162,SUELA ELECTRA,40,NEGRO,1
163,SUELIN CANOA PUNTOS,34,CREPE,26
164,SUELIN CANOA PUNTOS,35,CREPE,14
165,SUELIN CANOA PUNTOS,36,CREPE,52
166,SUELIN CANOA PUNTOS,37,CREPE,112
167,SUELIN CANOA PUNTOS,38,CREPE,15
168,SUELIN CANOA PUNTOS,39,CREPE,29
169,SUELIN CANOA PUNTOS,40,CREPE,34
170,SUELA MARIA D,34,CREPE,26
171,SUELA MARIA D,35,CREPE,108
172,SUELA MARIA D,36,CREPE,27
173,SUELA MARIA D,37,CREPE,56
174,SUELA MARIA D,38,CREPE,59
175,SUELA MARIA D,40,CREPE,2
176,SUELIN MEDIA PLA 5,36,CREPE,200
177,SUELIN MEDIA PLA 5,37,CREPE,250
178,MEDIA PLA 5,34,NEGRO,300
179,MEDIA PLA 5,35,NEGRO,610
"180,MEDIA PLA 5,36,NEGRO,""1,211"""
"181,MEDIA PLA 5,37,NEGRO,""1,503"""
182,MEDIA PLA 5,38,NEGRO,710
183,MEDIA PLA 5,39,NEGRO,400
184,MEDIA PLA 5,40,NEGRO,200
185,SUELA CU헤 CRAZY,34,BLANCO,56
186,SUELA CU헤 CRAZY,35,BLANCO,4
187,SUELA CU헤 CRAZY,36,BLANCO,3
188,SUELA CU헤 CRAZY,40,BLANCO,1
189,SUELA CU헤 CRAZY,34,NEGRO,33
190,SUELA CU헤 CRAZY,36,NEGRO,34
191,SUELA CU헤 CRAZY,37,NEGRO,10
192,SUELA CU헤 CRAZY,38,NEGRO,12
193,SUELA CU헤 CRAZY,39,NEGRO,20
194,SUELA CU헤 CRAZY,40,NEGRO,13
195,SUELA CU헤 CRAZY,34,CAFE,2
196,SUELA CU헤 CRAZY,35,CAFE,3
197,SUELA CU헤 CRAZY,34,VAINILLA,5
198,SUELA CU헤 CRAZY,35,VAINILLA,5
199,SUELA CU헤 CRAZY,39,VAINILLA,10
200,SUELA FREE BINUMERO JUVENIL,3334,NEGRO,128
201,SUELA FREE BINUMERO JUVENIL,3536,NEGRO,33
202,SUELA FREE BINUMERO HOMBRE,3738,BLANCO,51
203,SUELA FREE BINUMERO HOMBRE,3940,BLANCO,20
204,SUELA FREE BINUMERO HOMBRE,4142,BLANCO,27
205,SUELA FREE BINUMERO HOMBRE,3738,NEGRO,19
206,SUELA FREE BINUMERO HOMBRE,3940,NEGRO,20
207,SUELA FREE BINUMERO HOMBRE,4142,NEGRO,122
208,SUELA MARIELITA,37,BLANCO,3
209,SUELA MARIELITA,34,KLIM,149
210,SUELA MARIELITA,35,KLIM,132
211,SUELA MARIELITA,36,KLIM,105
212,SUELA MARIELITA,37,KLIM,22
213,SUELA MARIELITA,38,KLIM,12
214,SUELA MARIELITA,39,KLIM,1
215,SUELA MARIELITA,40,KLIM,39
216,SUELA ALWAYS NUEVA,34,BLANCO,25
217,SUELA ALWAYS NUEVA,35,BLANCO,28
218,SUELA ALWAYS NUEVA,36,BLANCO,14
219,SUELA ALWAYS NUEVA,37,BLANCO,15
220,SUELA ALWAYS NUEVA,38,BLANCO,31
221,SUELA ALWAYS NUEVA,39,BLANCO,53
222,SUELA ALWAYS NUEVA,40,BLANCO,5
223,SUELA BRAHAMA NI헤,27,BLANCO,2
224,SUELA BRAHAMA NI헤,28,BLANCO,13
225,SUELA BRAHAMA NI헤,31,BLANCO,7
226,SUELA BRAHAMA NI헤,27,KLIM,54
227,SUELA BRAHAMA NI헤,28,KLIM,54
228,SUELA BRAHAMA NI헤,29,KLIM,60
229,SUELA BRAHAMA NI헤,30,KLIM,55
230,SUELA BRAHAMA NI헤,31,KLIM,69
231,SUELA BRAHAMA NI헤,32,KLIM,49
232,SUELA BRAHAMA NI헤,33,KLIM,53
233,SUELA BRAHAMA NI헤,27,CAFE,41
234,SUELA BRAHAMA NI헤,28,CAFE,47
235,SUELA BRAHAMA NI헤,29,CAFE,29
236,SUELA BRAHAMA NI헤,30,CAFE,42
237,SUELA BRAHAMA NI헤,31,CAFE,42
238,SUELA BRAHAMA NI헤,32,CAFE,41
239,SUELA BRAHAMA NI헤,33,CAFE,40
240,SUELA BRAHAMA DAMA,34,BLANCO,2
241,SUELA BRAHAMA DAMA,35,BLANCO,1
242,SUELA BRAHAMA DAMA,36,BLANCO,1
243,SUELA BRAHAMA DAMA,37,BLANCO,12
244,SUELA BRAHAMA DAMA,34,KLIM,34
245,SUELA BRAHAMA DAMA,35,KLIM,42
246,SUELA BRAHAMA DAMA,36,KLIM,43
247,SUELA BRAHAMA DAMA,37,KLIM,62
248,SUELA BRAHAMA DAMA,38,KLIM,46
249,SUELA BRAHAMA DAMA,39,KLIM,25
250,SUELA BRAHAMA DAMA,40,KLIM,39
251,SUELA BRAHAMA DAMA,34,CAFE,1
252,SUELA BRAHAMA DAMA,35,CAFE,48
253,SUELA BRAHAMA DAMA,36,CAFE,46
254,SUELA BRAHAMA DAMA,37,CAFE,61
255,SUELA BRAHAMA DAMA,38,CAFE,124
256,SUELA BRAHAMA DAMA,39,CAFE,87
257,SUELA BRAHAMA DAMA,40,CAFE,68
258,SUELA BRAHAMA DAMA,34,VAINILLA,25
259,SUELA BRAHAMA DAMA,36,CARTON,30
260,SUELA BRAHAMA DAMA,37,CARTON,6
261,SUELA BRAHAMA DAMA,38,CARTON,7
262,SUELA BRAHAMA DAMA,39,CARTON,2
263,SUELA PLANTILLA BRAHAMA NI헤,27,BLANCO,49
264,SUELA PLANTILLA BRAHAMA NI헤,28,BLANCO,47
265,SUELA PLANTILLA BRAHAMA NI헤,29,BLANCO,70
266,SUELA PLANTILLA BRAHAMA NI헤,30,BLANCO,47
267,SUELA PLANTILLA BRAHAMA NI헤,31,BLANCO,48
268,SUELA PLANTILLA BRAHAMA NI헤,32,BLANCO,47
269,SUELA PLANTILLA BRAHAMA NI헤,33,BLANCO,53
270,SUELA PLANTILLA BRAHAMA NI헤,27,KLIM,52
271,SUELA PLANTILLA BRAHAMA NI헤,28,KLIM,53
272,SUELA PLANTILLA BRAHAMA NI헤,29,KLIM,67
273,SUELA PLANTILLA BRAHAMA NI헤,30,KLIM,48
274,SUELA PLANTILLA BRAHAMA NI헤,31,KLIM,52
275,SUELA PLANTILLA BRAHAMA NI헤,32,KLIM,56
276,SUELA PLANTILLA BRAHAMA NI헤,33,KLIM,55
277,SUELA PLANTILLA BRAHAMA NI헤,27,CAFE,58
278,SUELA PLANTILLA BRAHAMA NI헤,28,CAFE,44
279,SUELA PLANTILLA BRAHAMA NI헤,29,CAFE,45
280,SUELA PLANTILLA BRAHAMA NI헤,30,CAFE,91
281,SUELA PLANTILLA BRAHAMA NI헤,31,CAFE,39
282,SUELA PLANTILLA BRAHAMA NI헤,32,CAFE,24
283,SUELA PLANTILLA BRAHAMA NI헤,33,CAFE,63
284,SUELA PLANTILLA BRAHAMA DAMA,35,BLANCO,4
285,SUELA PLANTILLA BRAHAMA DAMA,36,BLANCO,38
286,SUELA PLANTILLA BRAHAMA DAMA,37,BLANCO,15
287,SUELA PLANTILLA BRAHAMA DAMA,39,BLANCO,2
288,SUELA PLANTILLA BRAHAMA DAMA,34,KLIM,28
289,SUELA PLANTILLA BRAHAMA DAMA,35,KLIM,43
290,SUELA PLANTILLA BRAHAMA DAMA,36,KLIM,36
291,SUELA PLANTILLA BRAHAMA DAMA,37,KLIM,63
292,SUELA PLANTILLA BRAHAMA DAMA,38,KLIM,45
293,SUELA PLANTILLA BRAHAMA DAMA,39,KLIM,47
294,SUELA PLANTILLA BRAHAMA DAMA,40,KLIM,30
295,SUELA PLANTILLA BRAHAMA DAMA,34,CAFE,79
296,SUELA PLANTILLA BRAHAMA DAMA,35,CAFE,12
297,SUELA PLANTILLA BRAHAMA DAMA,37,CAFE,24
298,SUELA PLANTILLA BRAHAMA DAMA,38,CAFE,62
299,SUELA PLANTILLA BRAHAMA DAMA,40,CAFE,115
300,SUELA BEIRA,36,BLANCO,27
301,SUELA BEIRA,37,BLANCO,5
302,SUELA BEIRA,36,NEGRO,37
303,SUELA BEIRA,35,KLIM,89
304,SUELA BEIRA,36,KLIM,84
305,SUELA BEIRA,37,KLIM,131
306,SUELA BEIRA,38,KLIM,145
307,SUELA BEIRA,39,KLIM,35
308,SUELA BEIRA,40,KLIM,25
309,SUELA BEIRA,36,CAFE,5
310,SUELA BEIRA,36,VAINILLA,19
311,SUELA BEIRA,39,VAINILLA,1
312,SUELA BEIRA,40,VAINILLA,20
313,SUELA BEIRA,41,VAINILLA,6
314,SUELIN CRAZY,34,BLANCO,75
315,SUELIN CRAZY,35,BLANCO,6
316,SUELIN CRAZY,36,BLANCO,7
317,SUELIN CRAZY,37,BLANCO,9
318,SUELIN CRAZY,38,BLANCO,56
319,SUELIN CRAZY,39,BLANCO,2
320,SUELIN CRAZY,40,BLANCO,8
321,SUELA CLOUDFORM,35,BLANCO,19
322,SUELA CLOUDFORM,36,BLANCO,32
323,SUELA CLOUDFORM,37,BLANCO,33
324,SUELA CLOUDFORM,38,BLANCO,1
325,SUELA CLOUDFORM,39,BLANCO,5
326,SUELA CLOUDFORM,40,BLANCO,56
327,SUELA CLOUDFORM,34,NEGRO,52
328,SUELA CLOUDFORM,35,NEGRO,80
329,SUELA CLOUDFORM,36,NEGRO,60
330,SUELA CLOUDFORM,37,NEGRO,45
331,SUELA CLOUDFORM,38,NEGRO,92
332,SUELA CLOUDFORM,35,KLIM,6
333,SUELA CLOUDFORM,37,KLIM,18
334,SUELA CLOUDFORM,38,KLIM,23
335,SUELA CLOUDFORM,40,KLIM,25
336,SUELA CANOA PUNTOS,34,CAFE,50
337,SUELA CANOA PUNTOS,35,CAFE,1
338,SUELA CANOA PUNTOS,36,CAFE,42
339,SUELA CANOA PUNTOS,37,CAFE,54
340,SUELA CANOA PUNTOS,38,CAFE,40
341,SUELA CANOA PUNTOS,39,CAFE,65
342,SUELA CANOA PUNTOS,40,CAFE,23
343,SUELA DOLCE,34,BLANCO,77
344,SUELA DOLCE,35,BLANCO,155
345,SUELA DOLCE,36,BLANCO,112
346,SUELA DOLCE,37,BLANCO,91
347,SUELA DOLCE,38,BLANCO,77
348,SUELA DOLCE,39,BLANCO,35
349,SUELA DOLCE,40,BLANCO,50
350,SUELA DOLCE,41,BLANCO,49
351,SUELA DOLCE,42,BLANCO,58
352,SUELA DOLCE,34,NEGRO,3
353,SUELA DOLCE,35,NEGRO,36
354,SUELA DOLCE,36,NEGRO,92
355,SUELA DOLCE,37,NEGRO,62
356,SUELA DOLCE,38,NEGRO,44
357,SUELA DOLCE,39,NEGRO,18
358,SUELA DOLCE,34,KLIM,22
359,SUELA DOLCE,35,KLIM,32
360,SUELA DOLCE,37,KLIM,3
361,SUELA DOLCE,38,KLIM,5
362,SUELA DOLCE,39,KLIM,15
363,SUELA EIMY,34,BLANCO,9
364,SUELA EIMY,36,BLANCO,1
365,SUELA EIMY,37,BLANCO,33
366,SUELA EIMY,38,BLANCO,21
367,SUELA EIMY,34,NEGRO,1
368,SUELA EIMY,35,NEGRO,2
369,SUELA EIMY,36,NEGRO,14
370,SUELA EIMY,37,NEGRO,8
371,SUELA EIMY,38,NEGRO,3
372,SUELA EIMY,34,KLIM,57
373,SUELA EIMY,35,KLIM,9
374,SUELA EIMY,36,KLIM,15
375,SUELA EIMY,37,KLIM,27
376,SUELA EIMY,38,KLIM,14
377,SUELA EIMY,39,KLIM,16
378,SUELA EIMY,40,KLIM,3
379,SUELA EPIC,34,BLANCO,27
380,SUELA EPIC,35,BLANCO,13
381,SUELA EPIC,36,BLANCO,22
382,SUELA EPIC,37,BLANCO,2
383,SUELA EPIC,38,BLANCO,8
384,SUELA EPIC,40,BLANCO,57
385,SUELA EPIC,41,BLANCO,15
386,SUELA EPIC,42,BLANCO,6
387,SUELA EPIC,34,NEGRO,8
388,SUELA EPIC,35,NEGRO,27
389,SUELA EPIC,36,NEGRO,28
390,SUELA EPIC,37,NEGRO,23
391,SUELA EPIC,38,NEGRO,16
392,SUELA EPIC,39,NEGRO,13
393,SUELA EPIC,40,NEGRO,12
394,SUELA EPIC,41,NEGRO,17
395,SUELA EPIC,42,NEGRO,14
396,SUELA FELICIANA,34,BLANCO,23
397,SUELA FELICIANA,35,BLANCO,48
398,SUELA FELICIANA,36,BLANCO,62
399,SUELA FELICIANA,37,BLANCO,16
400,SUELA FELICIANA,38,BLANCO,36
401,SUELA FELICIANA,39,BLANCO,66
402,SUELA FELICIANA,40,BLANCO,35
403,SUELA FELICIANA,36,NEGRO,36
404,SUELA FELICIANA,37,NEGRO,18
405,SUELA FELICIANA,34,KLIM,33
406,SUELA FELICIANA,35,KLIM,67
407,SUELA FELICIANA,36,KLIM,94
408,SUELA FELICIANA,37,KLIM,60
409,SUELA FELICIANA,38,KLIM,30
410,SUELA FELICIANA,39,KLIM,17
411,SUELA FELICIANA,40,KLIM,15
412,SUELA FLOWER MEDIANA,29,NEGRO,4
413,SUELA FLOWER DAMA,38,BLANCO,31
414,SUELA FLOWER DAMA,34,KLIM,49
415,SUELA FLOWER DAMA,35,KLIM,62
416,SUELA FLOWER DAMA,36,KLIM,108
417,SUELA FLOWER DAMA,37,KLIM,56
418,SUELA FLOWER DAMA,38,KLIM,124
419,SUELA FLOWER DAMA,39,KLIM,104
420,SUELA FLOWER DAMA,40,KLIM,49
421,SUELA GABANNA,34,BLANCO,31
422,SUELA GABANNA,35,BLANCO,2
423,SUELA GABANNA,36,BLANCO,6
424,SUELA GABANNA,38,BLANCO,13
425,SUELA GABANNA,39,BLANCO,8
426,SUELA GABANNA,40,BLANCO,9
427,SUELA GABANNA,35,NEGRO,42
428,SUELA GABANNA,36,NEGRO,41
429,SUELA GABANNA,37,NEGRO,30
430,SUELA GABANNA,38,NEGRO,34
431,SUELA GABANNA,39,NEGRO,52
432,SUELA GABANNA,40,NEGRO,63
433,SUELA GINA,35,BLANCO,30
434,SUELA GINA,36,BLANCO,81
435,SUELA GINA,37,BLANCO,63
436,SUELA GINA,38,BLANCO,8
437,SUELA GINA,39,BLANCO,50
438,SUELA GINA,40,BLANCO,16
439,SUELA GINA,34,NEGRO,13
440,SUELA GINA,35,NEGRO,2
441,SUELA GINA,38,NEGRO,5
442,SUELA GINA,39,NEGRO,4
443,SUELA GINA,40,NEGRO,2
444,SUELA GINA,34,KLIM,196
445,SUELA GINA,35,KLIM,67
446,SUELA GINA,36,KLIM,18
447,SUELA GINA,37,KLIM,4
448,SUELA GINA,38,KLIM,5
449,SUELA GINA,39,KLIM,86
450,SUELA GINA,40,KLIM,19
451,SUELA KARLA,35,NEGRO,4
452,SUELA KARLA,36,NEGRO,7
453,SUELA KARLA,34,KLIM,26
454,SUELA KARLA,36,KLIM,43
455,SUELA KARLA,38,KLIM,15
456,SUELA KARLA,39,KLIM,20
457,SUELA KARLA,40,KLIM,40
458,SUELA KARLA,34,VAINILLA,19
459,SUELA KROSS NI헤,28,BLANCO,19
460,SUELA KROSS NI헤,27,KLIM,28
461,SUELA KROSS NI헤,28,KLIM,18
462,SUELA KROSS NI헤,29,KLIM,19
463,SUELA KROSS NI헤,30,KLIM,34
464,SUELA KROSS NI헤,31,KLIM,12
465,SUELA KROSS NI헤,32,KLIM,21
466,SUELA KROSS NI헤,33,KLIM,18
467,SUELA KROSS DAMA,34,BLANCO,10
468,SUELA KROSS DAMA,35,BLANCO,36
469,SUELA KROSS DAMA,36,BLANCO,74
470,SUELA KROSS DAMA,37,BLANCO,20
471,SUELA KROSS DAMA,38,BLANCO,21
472,SUELA KROSS DAMA,39,BLANCO,54
473,SUELA KROSS DAMA,40,BLANCO,31
474,SUELA KROSS DAMA,34,NEGRO,3
475,SUELA KROSS DAMA,36,NEGRO,5
476,SUELA KROSS DAMA,40,NEGRO,52
477,SUELA KROSS DAMA,34,KLIM,7
478,SUELA KROSS DAMA,35,KLIM,2
479,SUELA KROSS DAMA,36,KLIM,2
480,SUELA KROSS DAMA,38,KLIM,9
481,SUELA KROSS DAMA,39,KLIM,30
482,SUELA KROSS DAMA,40,KLIM,32
483,SUELA LOVE,34,BLANCO,98
484,SUELA LOVE,37,BLANCO,30
485,SUELA LOVE,38,BLANCO,2
486,SUELA LOVE,39,BLANCO,92
487,SUELA LOVE,40,BLANCO,26
488,SUELA LOVE,34,NEGRO,85
489,SUELA LOVE,35,NEGRO,94
490,SUELA LOVE,36,NEGRO,62
491,SUELA LOVE,37,NEGRO,43
492,SUELA LOVE,38,NEGRO,72
493,SUELA LOVE,39,NEGRO,46
494,SUELA LOVE,40,NEGRO,143
495,SUELA LOVE,34,KLIM,13
496,SUELA LOVE,35,KLIM,63
497,SUELA LOVE,36,KLIM,100
498,SUELA LOVE,37,KLIM,36
499,SUELA LOVE,38,KLIM,46
500,SUELA LOVE,39,KLIM,24
501,SUELA LOVE,40,KLIM,13
502,SUELA PRADA CON VIRA,34,BLANCO,34
503,SUELA PRADA CON VIRA,35,BLANCO,3
504,SUELA PRADA CON VIRA,36,BLANCO,3
505,SUELA PRADA CON VIRA,37,BLANCO,1
506,SUELA PRADA CON VIRA,38,BLANCO,3
507,SUELA PRADA CON VIRA,39,BLANCO,18
508,SUELA PRADA CON VIRA,40,BLANCO,6
509,SUELA PRADA CON VIRA,34,NEGRO,7
510,SUELA PRADA CON VIRA,35,NEGRO,8
511,SUELA PRADA CON VIRA,39,NEGRO,16
512,SUELA PRADA CON VIRA,34,CAFE,11
513,SUELA PRADA CON VIRA,35,CAFE,22
514,SUELA PRADA CON VIRA,36,CAFE,29
515,SUELA PRADA CON VIRA,37,CAFE,31
516,SUELA PRADA CON VIRA,38,CAFE,21
517,SUELA PRADA CON VIRA,39,CAFE,9
518,SUELA PRADA SIN VIRA,36,BLANCO,1
519,SUELA PRADA SIN VIRA,37,BLANCO,1
520,SUELA PRADA SIN VIRA,38,BLANCO,1
521,SUELA RENATA SIN SILVATRIM,34,BLANCO,9
522,SUELA RENATA SIN SILVATRIM,35,BLANCO,9
523,SUELA RENATA SIN SILVATRIM,36,BLANCO,18
524,SUELA RENATA SIN SILVATRIM,37,BLANCO,1
525,SUELA RENATA SIN SILVATRIM,38,BLANCO,24
526,SUELA RENATA SIN SILVATRIM,39,BLANCO,17
527,SUELA RENATA SIN SILVATRIM,40,BLANCO,3
528,SUELA RENATA SIN SILVATRIM,34,NEGRO,12
529,SUELA RENATA SIN SILVATRIM,35,NEGRO,24
530,SUELA RENATA SIN SILVATRIM,36,NEGRO,13
531,SUELA RENATA SIN SILVATRIM,37,NEGRO,54
532,SUELA RENATA SIN SILVATRIM,38,NEGRO,91
533,SUELA RENATA SIN SILVATRIM,39,NEGRO,116
534,SUELA RENATA SIN SILVATRIM,40,NEGRO,54
535,SUELA RENATA SIN SILVATRIM,34,KLIM,84
536,SUELA RENATA SIN SILVATRIM,35,KLIM,94
537,SUELA RENATA SIN SILVATRIM,36,KLIM,107
538,SUELA RENATA SIN SILVATRIM,37,KLIM,97
539,SUELA RENATA SIN SILVATRIM,38,KLIM,76
540,SUELA RENATA SIN SILVATRIM,39,KLIM,52
541,SUELA RENATA SIN SILVATRIM,40,KLIM,4
542,SUELA RENATA SIN SILVATRIM,34,CAFE,1
543,SUELA RENATA SIN SILVATRIM,35,CAFE,2
544,SUELA RENATA SIN SILVATRIM,36,CAFE,1
545,SUELA RENATA SIN SILVATRIM,37,CAFE,5
546,SUELA RENATA CON SILVATRIM,34,BLANCO,2
547,SUELA RENATA CON SILVATRIM,35,BLANCO,2
548,SUELA RENATA CON SILVATRIM,36,BLANCO,5
549,SUELA RENATA CON SILVATRIM,37,BLANCO,4
550,SUELA RENATA CON SILVATRIM,38,BLANCO,8
551,SUELA RENATA CON SILVATRIM,39,BLANCO,1
552,SUELA RENATA CON SILVATRIM,40,BLANCO,7
553,SUELA RENATA CON SILVATRIM,34,NEGRO,70
554,SUELA RENATA CON SILVATRIM,35,NEGRO,129
555,SUELA RENATA CON SILVATRIM,36,NEGRO,1
556,SUELA RENATA CON SILVATRIM,37,NEGRO,3
557,SUELA RENATA CON SILVATRIM,38,NEGRO,58
558,SUELA RENATA CON SILVATRIM,39,NEGRO,11
559,SUELA RENATA CON SILVATRIM,40,NEGRO,90
560,SUELA RENATA CON SILVATRIM,36,KLIM,7
561,SUELA RENATA CON SILVATRIM,40,KLIM,12
562,SUELA SCOLA PEQUE헤,21,BLANCO,126
563,SUELA SCOLA PEQUE헤,22,BLANCO,9
564,SUELA SCOLA PEQUE헤,23,BLANCO,1
565,SUELA SCOLA PEQUE헤,24,BLANCO,22
566,SUELA SCOLA PEQUE헤,25,BLANCO,3
567,SUELA SCOLA PEQUE헤,26,BLANCO,3
568,SUELA SCOLA PEQUE헤,21,NEGRO,47
569,SUELA SCOLA PEQUE헤,22,NEGRO,49
570,SUELA SCOLA PEQUE헤,23,NEGRO,41
571,SUELA SCOLA PEQUE헤,24,NEGRO,46
572,SUELA SCOLA PEQUE헤,25,NEGRO,52
573,SUELA SCOLA PEQUE헤,26,NEGRO,46
574,SUELA SCOLA PEQUE헤,21,VAINILLA,167
575,SUELA SCOLA PEQUE헤,22,VAINILLA,77
576,SUELA SCOLA PEQUE헤,23,VAINILLA,90
577,SUELA SCOLA PEQUE헤,24,VAINILLA,156
578,SUELA SCOLA PEQUE헤,25,VAINILLA,33
579,SUELA SCOLA PEQUE헤,26,VAINILLA,50
580,SUELA SCOLA MED,27,BLANCO,30
581,SUELA SCOLA MED,29,BLANCO,23
582,SUELA SCOLA MED,30,BLANCO,2
583,SUELA SCOLA MED,31,BLANCO,1
584,SUELA SCOLA MED,32,BLANCO,8
585,SUELA SCOLA MED,33,BLANCO,12
586,SUELA SCOLA MED,27,NEGRO,77
587,SUELA SCOLA MED,28,NEGRO,45
588,SUELA SCOLA MED,29,NEGRO,78
589,SUELA SCOLA MED,30,NEGRO,99
590,SUELA SCOLA MED,31,NEGRO,73
591,SUELA SCOLA MED,32,NEGRO,79
592,SUELA SCOLA MED,33,NEGRO,51
593,SUELA SCOLA MED,27,VAINILLA,21
594,SUELA SCOLA MED,28,VAINILLA,45
595,SUELA SCOLA MED,29,VAINILLA,35
596,SUELA SCOLA MED,30,VAINILLA,105
597,SUELA SCOLA MED,31,VAINILLA,43
598,SUELA SCOLA MED,32,VAINILLA,16
599,SUELA SCOLA MED,33,VAINILLA,23
600,SUELA SCOLA JUVENIL,34,BLANCO,20
601,SUELA SCOLA JUVENIL,35,BLANCO,20
602,SUELA SCOLA JUVENIL,36,BLANCO,20
603,SUELA SCOLA JUVENIL,34,NEGRO,3
604,SUELA SCOLA JUVENIL,35,NEGRO,27
605,SUELA SCOLA JUVENIL,36,NEGRO,10
606,SUELA SCOLA JUVENIL,34,VAINILLA,60
607,SUELA SCOLA JUVENIL,35,VAINILLA,34
608,SUELA SCOLA JUVENIL,36,VAINILLA,28
609,SUELA SCOLA HOMBRE,37,BLANCO,33
610,SUELA SCOLA HOMBRE,38,BLANCO,37
611,SUELA SCOLA HOMBRE,39,BLANCO,75
612,SUELA SCOLA HOMBRE,40,BLANCO,60
613,SUELA SCOLA HOMBRE,41,BLANCO,16
614,SUELA SCOLA HOMBRE,42,BLANCO,4
615,SUELA SCOLA HOMBRE,37,NEGRO,16
616,SUELA SCOLA HOMBRE,37,VAINILLA,177
617,SUELA SCOLA HOMBRE,38,VAINILLA,156
618,SUELA SCOLA HOMBRE,39,VAINILLA,31
619,SUELA SCOLA HOMBRE,40,VAINILLA,31
620,SUELA SCOLA HOMBRE,41,VAINILLA,38
621,SUELA SCOLA HOMBRE,42,VAINILLA,49
622,SUELA SHARONI,35,BLANCO,10
623,SUELA SHARONI,37,BLANCO,3
624,SUELA SHARONI,38,BLANCO,8
625,SUELA SHARONI,39,BLANCO,2
626,SUELA SHARONI,40,BLANCO,1
627,SUELA SHARONI,34,NEGRO,1
628,SUELA SHARONI,39,NEGRO,11
629,SUELA SHARONI,40,NEGRO,3
630,SUELA SKACHER NI헤,27,BLANCO,4
631,SUELA SKACHER NI헤,28,BLANCO,40
632,SUELA SKACHER NI헤,29,BLANCO,5
633,SUELA SKACHER NI헤,30,BLANCO,50
634,SUELA SKACHER NI헤,31,BLANCO,17
635,SUELA SKACHER NI헤,32,BLANCO,18
636,SUELA SKACHER NI헤,33,BLANCO,51
637,SUELA SKACHER NI헤,33,NEGRO,3
638,SUELA SKACHER NI헤,27,KLIM,22
639,SUELA SKACHER NI헤,28,KLIM,25
640,SUELA SKACHER NI헤,29,KLIM,43
641,SUELA SKACHER NI헤,30,KLIM,21
642,SUELA SKACHER NI헤,31,KLIM,22
643,SUELA SKACHER NI헤,32,KLIM,24
644,SUELA SKACHER NI헤,33,KLIM,24
645,SUELA SKACHER DAMA,34,BLANCO,17
646,SUELA SKACHER DAMA,35,BLANCO,61
647,SUELA SKACHER DAMA,36,BLANCO,44
648,SUELA SKACHER DAMA,37,BLANCO,56
649,SUELA SKACHER DAMA,38,BLANCO,36
650,SUELA SKACHER DAMA,39,BLANCO,6
651,SUELA SKACHER DAMA,40,BLANCO,10
652,SUELA SKACHER DAMA,37,NEGRO,5
653,SUELA SKACHER DAMA,38,NEGRO,44
654,SUELA SKACHER DAMA,39,NEGRO,5
655,SUELA SKACHER DAMA,40,NEGRO,5
656,SUELA SKACHER DAMA,41,NEGRO,3
657,SUELA SKACHER DAMA,34,KLIM,1
658,SUELA SKACHER DAMA,35,KLIM,6
659,SUELA SKACHER DAMA,36,KLIM,8
660,SUELA SKACHER DAMA,37,KLIM,30
661,SUELA SKACHER DAMA,38,KLIM,13
662,SUELA SKACHER DAMA,39,KLIM,91
663,SUELA SKACHER DAMA,40,KLIM,20
664,SUELA SAN PRADA CON VIRA,34,BLANCO,8
665,SUELA SAN PRADA CON VIRA,35,BLANCO,6
666,SUELA SAN PRADA CON VIRA,36,BLANCO,8
667,SUELA SAN PRADA CON VIRA,38,BLANCO,15
668,SUELA SAN PRADA CON VIRA,39,BLANCO,2
669,SUELA SAN PRADA CON VIRA,34,NEGRO,3
670,SUELA SAN PRADA CON VIRA,35,NEGRO,7
671,SUELA SAN PRADA CON VIRA,36,NEGRO,4
672,SUELA SAN PRADA CON VIRA,37,NEGRO,7
673,SUELA SAN PRADA CON VIRA,38,NEGRO,6
674,SUELA SAN PRADA CON VIRA,39,NEGRO,10
675,SUELA SAN PRADA CON VIRA,35,KLIM,25
676,SUELA SAN PRADA CON VIRA,37,KLIM,19
677,SUELA SAN PRADA CON VIRA,38,KLIM,26
678,SUELA SAN PRADA CON VIRA,39,KLIM,53
679,SUELA SAN PRADA CON VIRA,40,KLIM,53
680,SUELA SAN PRADA CON VIRA,34,CAFE,5
681,SUELA SAN PRADA CON VIRA,35,CAFE,17
682,SUELA SAN PRADA CON VIRA,37,CAFE,15
683,SUELA SAN PRADA CON VIRA,38,CAFE,11
684,SUELA SAN PRADA CON VIRA,39,CAFE,1
685,SUELA SAN PRADA CON VIRA,40,CAFE,10
686,SUELA SWIFT PEQUE헤,21,BLANCO,134
687,SUELA SWIFT PEQUE헤,22,BLANCO,2
688,SUELA SWIFT PEQUE헤,21,NEGRO,23
689,SUELA SWIFT PEQUE헤,22,NEGRO,64
690,SUELA SWIFT PEQUE헤,23,NEGRO,15
691,SUELA SWIFT PEQUE헤,24,NEGRO,15
692,SUELA SWIFT PEQUE헤,25,NEGRO,20
693,SUELA SWIFT PEQUE헤,26,NEGRO,33
694,SUELA SWIFT PEQUE헤,28,NEGRO,20
695,SUELA SWIFT PEQUE헤,21,VAINILLA,8
696,SUELA SWIFT PEQUE헤,26,VAINILLA,2
697,SUELA SWIFT MEDIANA,29,BLANCO,11
698,SUELA SWIFT MEDIANA,30,BLANCO,110
699,SUELA SWIFT MEDIANA,31,BLANCO,4
700,SUELA SWIFT MEDIANA,32,BLANCO,3
701,SUELA SWIFT MEDIANA,33,BLANCO,36
702,SUELA SWIFT MEDIANA,27,NEGRO,1
703,SUELA SWIFT MEDIANA,28,NEGRO,20
704,SUELA SWIFT MEDIANA,29,NEGRO,2
705,SUELA SWIFT MEDIANA,31,NEGRO,74
706,SUELA SWIFT MEDIANA,32,NEGRO,25
707,SUELA SWIFT MEDIANA,33,NEGRO,17
708,SUELA SWIFT MEDIANA,27,VAINILLA,2
709,SUELA SWIFT MEDIANA,29,VAINILLA,2
710,SUELA SWIFT MEDIANA,31,VAINILLA,2
711,SUELA SWIFT MEDIANA,32,VAINILLA,7
712,SUELA SWIFT MEDIANA,33,VAINILLA,5
713,SUELA SWIFT JUVENIL,34,BLANCO,10
714,SUELA SWIFT JUVENIL,35,BLANCO,53
715,SUELA SWIFT JUVENIL,36,BLANCO,101
716,SUELA SWIFT JUVENIL,34,NEGRO,36
717,SUELA SWIFT JUVENIL,35,NEGRO,108
718,SUELA SWIFT JUVENIL,36,NEGRO,83
719,SUELA SWIFT JUVENIL,34,VAINILLA,7
720,SUELA SWIFT JUVENIL,35,VAINILLA,7
721,SUELA SWIFT JUVENIL,36,VAINILLA,5
722,SUELA SWIFT HOMBRE,35,BLANCO,1
723,SUELA SWIFT HOMBRE,36,BLANCO,24
724,SUELA SWIFT HOMBRE,37,BLANCO,76
725,SUELA SWIFT HOMBRE,38,BLANCO,97
726,SUELA SWIFT HOMBRE,39,BLANCO,17
727,SUELA SWIFT HOMBRE,40,BLANCO,29
728,SUELA SWIFT HOMBRE,41,BLANCO,3
729,SUELA SWIFT HOMBRE,42,BLANCO,6
730,SUELA SWIFT HOMBRE,37,NEGRO,89
731,SUELA SWIFT HOMBRE,38,NEGRO,82
732,SUELA SWIFT HOMBRE,39,NEGRO,114
733,SUELA SWIFT HOMBRE,40,NEGRO,56
734,SUELA SWIFT HOMBRE,41,NEGRO,21
735,SUELA SWIFT HOMBRE,42,NEGRO,46
736,SUELA SWIFT HOMBRE,37,VAINILLA,6
737,SUELA SWIFT HOMBRE,38,VAINILLA,5
738,SUELA SWIFT HOMBRE,39,VAINILLA,5
739,SUELA SWIFT HOMBRE,40,VAINILLA,7
740,SUELA SWIFT HOMBRE,41,VAINILLA,6
741,SUELA SWIFT HOMBRE,42,VAINILLA,3
742,SUELA TETRA,34,BLANCO,3
743,SUELA TETRA,36,BLANCO,2
744,SUELA TETRA,38,BLANCO,2
745,SUELA TETRA,39,BLANCO,25
746,SUELA TETRA,40,BLANCO,26
747,SUELA TETRA,34,NEGRO,52
748,SUELA TETRA,35,NEGRO,1
749,SUELA TETRA,36,NEGRO,10
750,SUELA TETRA,37,NEGRO,6
751,SUELA TETRA,38,NEGRO,1
752,SUELA TETRA,39,NEGRO,2
753,SUELA TETRA,40,NEGRO,2
754,SUELA TETRA,34,KLIM,16
755,SUELA TETRA,35,KLIM,3
756,SUELA TETRA,36,KLIM,6
757,SUELA TETRA,37,KLIM,33
758,SUELA TETRA,38,KLIM,1
759,SUELA TETRA,39,KLIM,4
760,SUELA TETRA,40,KLIM,11
761,SUELA BALENCIAGA,34,BLANCO,41
762,SUELA BALENCIAGA,35,BLANCO,199
763,SUELA BALENCIAGA,36,BLANCO,180
764,SUELA BALENCIAGA,37,BLANCO,95
765,SUELA BALENCIAGA,38,BLANCO,125
766,SUELA BALENCIAGA,39,BLANCO,49
767,SUELA BALENCIAGA,40,BLANCO,4
768,SUELA BALENCIAGA,34,NEGRO,6
769,SUELA BALENCIAGA,35,NEGRO,3
770,SUELA BALENCIAGA,36,NEGRO,6
771,SUELA BALENCIAGA,37,NEGRO,6
772,SUELA BALENCIAGA,38,NEGRO,3
773,SUELA BALENCIAGA,39,NEGRO,2
774,SUELA BALENCIAGA,34,KLIM,6
775,SUELA BALENCIAGA,35,KLIM,3
776,SUELA BALENCIAGA,36,KLIM,28
777,SUELA BALENCIAGA,37,KLIM,19
778,SUELA BALENCIAGA,39,KLIM,8
779,SUELA TEXI CON VIRA,34,NEGRO,36
780,SUELA TEXI CON VIRA,37,NEGRO,27
781,SUELA TEXI CON VIRA,40,NEGRO,3
782,SUELA TEXI CON VIRA,36,KLIM,8
783,SUELA TEXI CON VIRA,34,CAFE,16
784,SUELA TEXI CON VIRA,35,CAFE,2
785,SUELA TEXI CON VIRA,37,CAFE,4
786,SUELA TEXI CON VIRA,38,CAFE,32
787,SUELA TEXI CON VIRA,39,CAFE,1
788,SUELA TEXI CON VIRA,40,CAFE,34
789,SUELA TEXI CON VIRA,34,CARTON,11
790,SUELA TEXI CON VIRA,35,CARTON,24
791,SUELA TEXI CON VIRA,36,CARTON,40
792,SUELA TEXI CON VIRA,37,CARTON,37
793,SUELA TEXI CON VIRA,38,CARTON,39
794,SUELA TEXI CON VIRA,39,CARTON,10
795,SUELA TEXI CON VIRA,40,CARTON,10
796,SUELA TEXI SIN VIRA,34,NEGRO,7
797,SUELA TEXI SIN VIRA,35,NEGRO,56
798,SUELA TEXI SIN VIRA,36,NEGRO,47
799,SUELA TEXI SIN VIRA,37,NEGRO,43
800,SUELA TEXI SIN VIRA,38,NEGRO,43
801,SUELA TEXI SIN VIRA,39,NEGRO,48
802,SUELA TEXI SIN VIRA,40,NEGRO,2
803,SUELA TEXI SIN VIRA,34,CAFE,43
804,SUELA TEXI SIN VIRA,35,CAFE,66
805,SUELA TEXI SIN VIRA,36,CAFE,1
806,SUELA TEXI SIN VIRA,37,CAFE,7
807,SUELA TEXI SIN VIRA,38,CAFE,11
808,SUELA ZARA,34,BLANCO,5
809,SUELA ZARA,38,BLANCO,25
810,SUELA CORONA,35,BLANCO,118
811,SUELA CORONA,36,BLANCO,162
812,SUELA CORONA,37,BLANCO,194
813,SUELA CORONA,38,BLANCO,94
814,SUELA CORONA,39,BLANCO,150
815,SUELA CORONA,40,BLANCO,102
816,SUELA CORONA,35,NEGRO,20
817,SUELA CORONA,37,NEGRO,7
818,SUELA CORONA,38,NEGRO,18
819,SUELA CORONA,39,NEGRO,17
820,SUELA CORONA,40,NEGRO,13
821,SUELA TIGER MED,27,BLANCO,2
822,SUELA TIGER MED,28,BLANCO,5
823,SUELA TIGER MED,29,BLANCO,5
824,SUELA TIGER MED,33,NEGRO,1
825,SUELA TIGER GR,34,BLANCO,26
826,SUELA TIGER GR,35,BLANCO,104
827,SUELA TIGER GR,36,BLANCO,15
828,SUELA TIGER GR,38,BLANCO,30
829,SUELA TIGER GR,39,BLANCO,83
830,SUELA TIGER GR,40,BLANCO,40
831,SUELA TIGER GR,34,NEGRO,55
832,SUELA TIGER GR,35,NEGRO,53
833,SUELA TIGER GR,36,NEGRO,25
834,SUELA TIGER GR,37,NEGRO,90
835,SUELA TIGER GR,38,NEGRO,35
836,SUELA TIGER GR,39,NEGRO,32
837,SUELA TIGER GR,40,NEGRO,21
838,SUELA MONACO,34,BLANCO,36
839,SUELA MONACO,35,BLANCO,64
840,SUELA MONACO,36,BLANCO,57
841,SUELA MONACO,38,BLANCO,30
842,SUELA MONACO,39,BLANCO,15
843,SUELA MONACO,40,BLANCO,61
844,SUELA MONACO,34,KLIM,121
845,SUELA MONACO,35,KLIM,1
846,SUELA MONACO,37,KLIM,5
847,SUELA MONACO,38,KLIM,58
848,SUELA MONACO,39,KLIM,2
849,SUELA MONACO,40,KLIM,12
850,SUELA TRUMP,33,BLANCO,1
851,SUELA TRUMP,34,BLANCO,34
852,SUELA TRUMP,35,BLANCO,79
853,SUELA TRUMP,36,BLANCO,168
854,SUELA TRUMP,37,BLANCO,148
855,SUELA TRUMP,38,BLANCO,12
856,SUELA TRUMP,39,BLANCO,51
857,SUELA TRUMP,40,BLANCO,13
858,SUELA TRUMP,41,BLANCO,2
859,SUELA TRUMP,33,NEGRO,47
860,SUELA TRUMP,35,NEGRO,57
861,SUELA TRUMP,36,NEGRO,26
862,SUELA TRUMP,37,NEGRO,34
863,SUELA TRUMP,38,NEGRO,62
864,SUELA TRUMP,40,NEGRO,8
865,SUELA TRUMP,33,KLIM,39
866,SUELA TRUMP,34,KLIM,7
867,SUELA TRUMP,35,KLIM,52
868,SUELA TRUMP,36,KLIM,26
869,SUELA TRUMP,37,KLIM,3
870,SUELA TRUMP,38,KLIM,5
871,SUELA TRUMP,39,KLIM,58
872,SUELA TRUMP,40,KLIM,29
873,SUELA ANTONELLA,34,NEGRO,67
874,SUELA ANTONELLA,35,NEGRO,3
875,SUELA ANTONELLA,36,NEGRO,7
876,SUELA ANTONELLA,37,NEGRO,14
877,SUELA ANTONELLA,38,NEGRO,4
878,SUELA ANTONELLA,39,NEGRO,28
879,SUELA ANTONELLA,40,NEGRO,27
880,SUELA ANTONELLA,35,KLIM,45
881,SUELA ANTONELLA,36,KLIM,7
882,SUELA ANTONELLA,37,KLIM,18
883,SUELA ANTONELLA,38,KLIM,22
884,SUELA ANTONELLA,39,KLIM,48
885,SUELA ANTONELLA,34,CARTON,50
886,SUELA ANTONELLA,35,CARTON,56
887,SUELA ANTONELLA,36,CARTON,34
888,SUELA ANTONELLA,37,CARTON,40
889,SUELA ANTONELLA,38,CARTON,30
890,SUELA ANTONELLA,39,CARTON,21
891,SUELA ANTONELLA,40,CARTON,16
892,SUELA ELITE MED,27,BLANCO,11
893,SUELA ELITE MED,29,BLANCO,7
894,SUELA ELITE MED,33,BLANCO,5
895,SUELA ELITE MED,27,NEGRO,37
896,SUELA ELITE MED,28,NEGRO,111
897,SUELA ELITE MED,29,NEGRO,24
898,SUELA ELITE MED,30,NEGRO,43
899,SUELA ELITE MED,31,NEGRO,9
900,SUELA ELITE MED,32,NEGRO,37
901,SUELA ELITE MED,33,NEGRO,15
902,SUELA ELITE GRANDE,34,BLANCO,151
903,SUELA ELITE GRANDE,35,BLANCO,160
904,SUELA ELITE GRANDE,36,BLANCO,86
905,SUELA ELITE GRANDE,37,BLANCO,125
906,SUELA ELITE GRANDE,38,BLANCO,356
907,SUELA ELITE GRANDE,39,BLANCO,143
908,SUELA ELITE GRANDE,40,BLANCO,277
909,SUELA ELITE GRANDE,41,BLANCO,48
910,SUELA ELITE GRANDE,34,NEGRO,51
911,SUELA ELITE GRANDE,35,NEGRO,30
912,SUELA ELITE GRANDE,36,NEGRO,76
913,SUELA ELITE GRANDE,37,NEGRO,52
914,SUELA ELITE GRANDE,38,NEGRO,75
915,SUELA ELITE GRANDE,39,NEGRO,102
916,SUELA ELITE GRANDE,40,NEGRO,38
917,SUELA ELITE GRANDE,42,NEGRO,6
918,SUELA ELITE GRANDE,34,KLIM,20
919,SUELA ELITE GRANDE,38,KLIM,18
920,SUELA ELITE GRANDE,35,VAINILLA,3
921,SUELA ELITE GRANDE,38,VAINILLA,2
922,SUELA ELITE GRANDE,39,VAINILLA,3
923,SUELA ELITE GRANDE,40,VAINILLA,2
924,SUELA KAROL G,34,BLANCO,6
925,SUELA KAROL G,35,BLANCO,2
926,SUELA KAROL G,36,BLANCO,1
927,SUELA KAROL G,37,BLANCO,11
928,SUELA KAROL G,40,BLANCO,23
929,SUELA KAROL G,34,NEGRO,67
930,SUELA KAROL G,35,NEGRO,4
931,SUELA KAROL G,37,NEGRO,3
932,SUELA KAROL G,38,NEGRO,30
933,SUELA KAROL G,39,NEGRO,7
934,SUELA KAROL G,34,KLIM,2
935,SUELA KAROL G,35,KLIM,1
936,SUELA KAROL G,36,KLIM,2
937,SUELA KAROL G,38,KLIM,2
938,SUELA KAROL G,40,KLIM,1
939,SUELA VANNE MEDIANA,27,BLANCO,12
940,SUELA VANNE MEDIANA,29,BLANCO,4
941,SUELA VANNE MEDIANA,30,BLANCO,6
942,SUELA VANNE MEDIANA,31,BLANCO,41
943,SUELA VANNE MEDIANA,32,BLANCO,23
944,SUELA VANNE MEDIANA,33,BLANCO,40
945,SUELA VANNE MEDIANA,34,BLANCO,10
946,SUELA VANNE MEDIANA,35,BLANCO,15
947,SUELA VANNE MEDIANA,36,BLANCO,45
948,SUELA VANNE MEDIANA,37,BLANCO,1
949,SUELA VANNE MEDIANA,38,BLANCO,4
950,SUELA VANNE MEDIANA,39,BLANCO,2
951,SUELA VANNE GRANDE,34,BLANCO,53
952,SUELA VANNE GRANDE,35,BLANCO,92
953,SUELA VANNE GRANDE,36,BLANCO,165
954,SUELA VANNE GRANDE,37,BLANCO,216
955,SUELA VANNE GRANDE,38,BLANCO,211
956,SUELA VANNE GRANDE,39,BLANCO,91
957,SUELA VANNE GRANDE,40,BLANCO,18
958,SUELA VANNE GRANDE,41,BLANCO,33
959,SUELA VANNE GRANDE,42,BLANCO,55
960,SUELA VANNE GRANDE,34,NEGRO,8
961,SUELA VANNE GRANDE,35,NEGRO,7
962,SUELA VANNE GRANDE,36,NEGRO,7
963,SUELA VANNE GRANDE,37,NEGRO,35
964,SUELA VANNE GRANDE,38,NEGRO,48
965,SUELA VANNE GRANDE,39,NEGRO,87
966,SUELA VANNE GRANDE,40,NEGRO,54
967,SUELA VANNE GRANDE,41,NEGRO,62
968,SUELA VANNE GRANDE,42,NEGRO,41
969,SUELA VANNE GRANDE,34,KLIM,43
970,SUELA VANNE GRANDE,35,KLIM,83
971,SUELA VANNE GRANDE,36,KLIM,10
972,SUELA VANNE GRANDE,38,KLIM,2
973,SUELA VANNE GRANDE,41,KLIM,1
974,SUELA VANNE GRANDE,37,VAINILLA,11
975,SUELA PEKIN,34,BLANCO,95
976,SUELA PEKIN,35,BLANCO,509
977,SUELA PEKIN,36,BLANCO,484
978,SUELA PEKIN,37,BLANCO,127
979,SUELA PEKIN,38,BLANCO,215
980,SUELA PEKIN,39,BLANCO,111
981,SUELA PEKIN,34,NEGRO,19
982,SUELA PEKIN,35,NEGRO,7
983,SUELA PEKIN,36,NEGRO,49
984,SUELA PEKIN,37,NEGRO,31
985,SUELA PEKIN,38,NEGRO,7
986,SUELA PEKIN,39,NEGRO,58
987,SUELA PEKIN,39,KLIM,9
988,SUELA REEBOK PINCESA PEQUE헤,23,NEGRO,94
989,SUELA REEBOK PINCESA PEQUE헤,24,NEGRO,100
990,SUELA REEBOK PEQ PVC,21,BLANCO,128
991,SUELA REEBOK PEQ PVC,22,BLANCO,79
992,SUELA REEBOK PEQ PVC,23,BLANCO,86
993,SUELA REEBOK PEQ PVC,24,BLANCO,85
994,SUELA REEBOK PEQ PVC,25,BLANCO,40
995,SUELA REEBOK PEQ PVC,26,BLANCO,38
996,SUELA REEBOK PEQ PVC,21,NEGRO,140
997,SUELA REEBOK PEQ PVC,22,NEGRO,186
998,SUELA REEBOK PEQ PVC,23,NEGRO,91
999,SUELA REEBOK PEQ PVC,24,NEGRO,87
1000,SUELA REEBOK PEQ PVC,25,NEGRO,213
1001,SUELA REEBOK PEQ PVC,26,NEGRO,142
1002,SUELA REEBOK MED PVC,27,BLANCO,168
1003,SUELA REEBOK MED PVC,28,BLANCO,141
1004,SUELA REEBOK MED PVC,29,BLANCO,219
1005,SUELA REEBOK MED PVC,30,BLANCO,226
1006,SUELA REEBOK MED PVC,31,BLANCO,158
1007,SUELA REEBOK MED PVC,32,BLANCO,223
1008,SUELA REEBOK MED PVC,33,BLANCO,111
1009,SUELA REEBOK MED PVC,27,NEGRO,174
1010,SUELA REEBOK MED PVC,28,NEGRO,63
1011,SUELA REEBOK MED PVC,29,NEGRO,198
1012,SUELA REEBOK MED PVC,30,NEGRO,242
1013,SUELA REEBOK MED PVC,31,NEGRO,141
1014,SUELA REEBOK MED PVC,32,NEGRO,165
1015,SUELA REEBOK MED PVC,33,NEGRO,72
1016,SUELA BELLA,34,BLANCO,32
1017,SUELA BELLA,35,BLANCO,15
1018,SUELA BELLA,36,BLANCO,19
1019,SUELA BELLA,37,BLANCO,11
1020,SUELA BELLA,38,BLANCO,12
1021,SUELA BELLA,39,BLANCO,174
1022,SUELA BELLA,40,BLANCO,1
1023,SUELA YENY,34,BLANCO,26
1024,SUELA YENY,35,BLANCO,7
1025,SUELA YENY,36,BLANCO,54
1026,SUELA YENY,37,BLANCO,25
1027,SUELA YENY,38,BLANCO,1
1028,SUELA YENY,40,BLANCO,12
1029,SUELA YENY,36,NEGRO,93
1030,SUELA YENY,34,KLIM,76
1031,SUELA YENY,35,KLIM,30
1032,SUELA YENY,36,KLIM,50
1033,SUELA YENY,37,KLIM,15
1034,SUELA YENY,38,KLIM,20
1035,SUELA YENY,39,KLIM,44
1036,SUELA YENY,40,KLIM,19
1037,SUELA YENY,35,CARTON,1
1038,SUELA YENY,37,CARTON,26
1039,APLIQUE BELLA,0,BLANCO,39
1040,APLIQUE BELLA,0,NEGRO,464
1041,APLIQUE BELLA,0,ROJO,94
1042,APLIQUE BELLA,0,AZUL REY,37
1043,APLIQUE BELLA,0,FUCSIA,74
1044,APLIQUE BELLA,0,FUCSIA TRASLUCIDO,30
1045,APLIQUE BELLA,0,AMARILLO TRASLUCIDO,55
1046,APLIQUE BELLA,0,ROSADO,90
1047,APLIQUE BELLA,0,VERDE MENTA,59
1048,APLIQUE BELLA,0,VERDE OSCURO TRASLUCIDO,21
1049,TAPETE MASOF,0,CREPE,332
1050,TAPETE SACHA,0,CREPE,740
1051,SUELA NAYU MEDIANA,27,CREPE,70
1052,SUELA NAYU MEDIANA,28,CREPE,38
1053,SUELA NAYU MEDIANA,29,CREPE,6
1054,SUELA NAYU MEDIANA,31,CREPE,114
1055,SUELA NAYU MEDIANA,33,CREPE,61
1056,SUELA DANA MARIA,34,CREPE,15
1057,SUELA DANA MARIA,35,CREPE,14
1058,SUELA DANA MARIA,36,CREPE,3
1059,SUELA DANA MARIA,37,CREPE,5
1060,SUELA DANA MARIA,38,CREPE,26
1061,SUELA DANA MARIA,39,CREPE,4
1062,SUELA DANA MARIA,40,CREPE,3
1063,TAPETE MARKERS,0,CREPE,30
1064,SUELA KIKYS,27,CREPE,12
1065,SUELA KIKYS,28,CREPE,15
1066,SUELA KIKYS,29,CREPE,9
1067,SUELA KIKYS,30,CREPE,9
1068,SUELA COLEGIAL MED,28,NEGRO,3
1069,SUELA COLEGIAL MED,31,NEGRO,7
1070,TAPETE JHON D,0,CREPE,609
1071,SUELA FENDY,37,BLANCO,18
1072,SUELA FENDY,38,BLANCO,14
1073,SUELA FENDY,39,BLANCO,68
1074,SUELA FENDY,40,BLANCO,31
1075,SUELA FENDY,41,BLANCO,91
1076,SUELA FENDY,42,BLANCO,20
1077,SUELA FENDY,39,NEGRO,26
1078,SUELA FENDY,42,NEGRO,8
1079,SUELA FENDY,37,VAINILLA,52
1080,SUELA FENDY,38,VAINILLA,57
1081,SUELA FENDY,39,VAINILLA,41
1082,SUELA FENDY,40,VAINILLA,2
1083,SUELA FENDY,41,VAINILLA,3
1084,SUELA FENDY,39,CARTON,15
1085,SUELA EMMA CON VIRA,36,BLANCO,27
1086,SUELA EMMA CON VIRA,34,NEGRO,9
1087,SUELA EMMA CON VIRA,35,NEGRO,41
1088,SUELA EMMA CON VIRA,36,NEGRO,2
1089,SUELA EMMA CON VIRA,37,NEGRO,34
1090,SUELA EMMA CON VIRA,38,NEGRO,27
1091,SUELA EMMA CON VIRA,39,NEGRO,24
1092,SUELA EMMA CON VIRA,40,NEGRO,21
1093,SUELA EMMA CON VIRA,34,KLIM,1
1094,SUELA EMMA CON VIRA,35,KLIM,24
1095,SUELA EMMA CON VIRA,36,KLIM,3
1096,SUELA EMMA CON VIRA,37,KLIM,2
1097,SUELA EMMA CON VIRA,39,KLIM,1
1098,SUELA EMMA CON VIRA,34,CAFE,34
1099,SUELA EMMA CON VIRA,36,CAFE,90
1100,SUELA EMMA CON VIRA,37,CAFE,64
1101,SUELA EMMA CON VIRA,38,CAFE,42
1102,SUELA EMMA CON VIRA,39,CAFE,5
1103,SUELA EMMA CON VIRA,40,CAFE,7
1104,SUELA EMMA CON VIRA,36,VAINILLA,53
1105,SUELA EMMA CON VIRA,37,VAINILLA,3
1106,SUELA EMMA CON VIRA,38,VAINILLA,3
1107,SUELA EMMA CON VIRA,40,VAINILLA,1
1108,SUELA EMMA CON VIRA,34,CARTON,24
1109,SUELA EMMA CON VIRA,35,CARTON,1
1110,SUELA EMMA CON VIRA,36,CARTON,16
1111,SUELA EMMA CON VIRA,37,CARTON,1
1112,SUELA EMMA CON VIRA,39,CARTON,5
1113,SUELA EMMA CON VIRA,40,CARTON,25
1114,TAQUITOS,0,CREPE,144
1115,SUELA NAYU GRANDE,36,CREPE,103
1116,SUELIN MAOLI 5/2,34,NEGRO,182
1117,SUELIN MAOLI 5/2,35,NEGRO,150
1118,SUELIN MAOLI 5/2,36,NEGRO,150
1119,SUELIN MAOLI 5/2,38,NEGRO,100
1120,SUELA PUCA GR,34,BLANCO,126
1121,SUELA PUCA GR,35,BLANCO,23
1122,SUELA PUCA GR,36,BLANCO,57
1123,SUELA PUCA GR,37,BLANCO,11
1124,SUELA PUCA GR,38,BLANCO,11
1125,SUELA PUCA GR,39,BLANCO,10
1126,SUELA PUCA GR,40,BLANCO,16
1127,SUELA PUCA GR,41,BLANCO,47
1128,SUELA PUCA GR,42,BLANCO,15
1129,SUELA PUCA GR,37,NEGRO,32
1130,SUELA PUCA GR,38,NEGRO,61
1131,SUELA PUCA GR,39,NEGRO,43
1132,SUELA PUCA GR,41,NEGRO,12
1133,SUELA PUCA GR,42,NEGRO,47
1134,SUELA PUCA GR,36,KLIM,11
1135,SUELA PUCA GR,36,VAINILLA,84
1136,SUELA PUCA GR,37,VAINILLA,54
1137,SUELA PUCA GR,38,VAINILLA,26
1138,SUELA PUCA GR,39,VAINILLA,5
1139,SUELA PUCA GR,40,VAINILLA,26
1140,SUELA PUCA GR,41,VAINILLA,17
1141,SUELA PUCA GR,42,VAINILLA,42
1142,SUELA PUCA GR,37,CARTON,45
1143,SUELA PUCA GR,38,CARTON,30
1144,SUELA PUCA GR,39,CARTON,16
1145,SUELA PUCA GR,40,CARTON,32
1146,SUELA PUCA GR,41,CARTON,43
1147,SUELA PUCA GR,42,CARTON,30
1148,SUELA NAYUEX,34,CAMEL,1
1149,SUELA NAYUEX,37,CAMEL,1
1150,SUELA NAYUEX,38,CAMEL,35
1151,SUELA NAYUEX,39,CAMEL,3
1152,SUELA NAYUEX,40,CAMEL,4
1153,TUBULAR JHON D,34,CREPE,2
1154,TUBULAR JHON D,38,CREPE,2
1155,TUBULAR JHON D,40,CREPE,52
1156,SUELA SALOME GRAND,36,CREPE,49
1157,TAPETE FLOWER MEDIANO,0,CREPE,36
1158,SUELA CRISTAL,36,BLANCO,12
1159,SUELA CRISTAL,36,HUESO,20
1160,SUELA KOAJ GRANDE,39,BLANCO,18
1161,SUELA KOAJ GRANDE,39,NEGRO,11
1162,SUELA KOAJ GRANDE,39,VAINILLA,61
1163,SUELA STEVEN,36,NEGRO,8
1164,SUELA STEVEN,36,CAFE,34
1165,SUELA SNEAKERS,37,BLANCO,57
1166,SUELA SNEAKERS,38,BLANCO,60
1167,SUELA SNEAKERS,39,BLANCO,92
1168,SUELA SNEAKERS,40,BLANCO,40
1169,SUELA SNEAKERS,41,BLANCO,35
1170,SUELA SNEAKERS,42,BLANCO,62
1171,SUELA SNEAKERS,38,NEGRO,1
1172,SUELA SNEAKERS,39,NEGRO,3
1173,SUELA SNEAKERS,40,NEGRO,1
1174,SUELA SNEAKERS,41,NEGRO,18
1175,SUELA SNEAKERS,37,KLIM,3
1176,SUELA SNEAKERS,40,KLIM,2
1177,SUELA SNEAKERS,41,KLIM,14
1178,SUELA SNEAKERS,42,KLIM,3
1179,SUELA SNEAKERS,37,VAINILLA,64
1180,SUELA SNEAKERS,38,VAINILLA,4
1181,SUELA SNEAKERS,40,VAINILLA,2
1182,SUELA SNEAKERS,41,VAINILLA,1
1183,SUELA SNEAKERS,37,CARTON,27
1184,SUELA SNEAKERS,38,CARTON,23
1185,SUELA SNEAKERS,39,CARTON,25
1186,SUELA SNEAKERS,40,CARTON,24
1187,SUELA SNEAKERS,41,CARTON,20
1188,SUELA SNEAKERS,42,CARTON,13
1189,SUELA VERSA GRANDE,34,BLANCO,6
1190,SUELA VERSA GRANDE,35,BLANCO,73
1191,SUELA VERSA GRANDE,36,BLANCO,41
1192,SUELA VERSA GRANDE,37,BLANCO,64
1193,SUELA VERSA GRANDE,38,BLANCO,6
1194,SUELA VERSA GRANDE,39,BLANCO,2
1195,SUELA VERSA GRANDE,40,BLANCO,6
1196,SUELA VERSA GRANDE,35,NEGRO,3
1197,SUELA VERSA GRANDE,36,NEGRO,15
1198,SUELA VERSA GRANDE,37,NEGRO,6
1199,SUELA VERSA GRANDE,38,NEGRO,7
1200,SUELA VERSA GRANDE,34,KLIM,2
1201,SUELA VERSA GRANDE,36,KLIM,99
1202,SUELA VERSA GRANDE,37,KLIM,14
1203,SUELA VERSA GRANDE,38,KLIM,16
1204,SUELA VERSA GRANDE,39,KLIM,3
1205,SUELA VERSA GRANDE,40,KLIM,1
1206,SUELA VERSA GRANDE,34,VAINILLA,34
1207,SUELA LITE GRANDE,34,BLANCO,94
1208,SUELA LITE GRANDE,35,BLANCO,30
1209,SUELA LITE GRANDE,36,BLANCO,141
1210,SUELA LITE GRANDE,37,BLANCO,116
1211,SUELA LITE GRANDE,38,BLANCO,115
1212,SUELA LITE GRANDE,39,BLANCO,27
1213,SUELA LITE GRANDE,40,BLANCO,50
1214,SUELA LITE GRANDE,36,NEGRO,19
1215,SUELA LITE GRANDE,36,KLIM,50
1216,SUELA PUMA DAMA,36,BLANCO,32
1217,SUELA PUMA DAMA,36,VAINILLA,5
1218,SUELA HUNGRY GRANDE,36,BLANCO,11
1219,SUELA HUNGRY GRANDE,39,BLANCO,97
1220,SUELA HUNGRY GRANDE,40,BLANCO,74
1221,SUELA HUNGRY GRANDE,42,BLANCO,81
1222,SUELA HUNGRY GRANDE,44,BLANCO,42
1223,SUELA HUNGRY GRANDE,38,NEGRO,3
1224,SUELA HUNGRY GRANDE,40,NEGRO,5
1225,SUELA HUNGRY GRANDE,44,NEGRO,1
1226,SUELA CHUNKY,35,BLANCO,66
1227,SUELA CHUNKY,36,BLANCO,13
1228,SUELA CHUNKY,37,BLANCO,22
1229,SUELA CHUNKY,38,BLANCO,79
1230,SUELA CHUNKY,39,BLANCO,52
1231,SUELA CHUNKY,40,BLANCO,11
1232,SUELA CHUNKY,41,BLANCO,3
1233,SUELA CHUNKY,42,BLANCO,4
1234,SUELA CHUNKY,36,KLIM,8
1235,SUELA CHUNKY,37,KLIM,17
1236,SUELA CHUNKY,38,KLIM,1
1237,SUELA CHUNKY,40,KLIM,555
1238,SUELA SPEED,34,BLANCO,20
1239,SUELA SPEED,35,BLANCO,1
1240,SUELA SPEED,36,BLANCO,68
1241,SUELA SPEED,37,BLANCO,60
1242,SUELA SPEED,38,BLANCO,22
1243,SUELA SPEED,39,BLANCO,54
1244,SUELA SPEED,40,BLANCO,64
1245,SUELA SPEED,41,BLANCO,41
1246,SUELA SPEED,42,BLANCO,26
1247,SUELA SPEED,43,BLANCO,31
1248,SUELA SPEED,34,NEGRO,13
1249,SUELA SPEED,36,NEGRO,1
1250,SUELA SPEED,37,NEGRO,1
1251,SUELA SPEED,38,NEGRO,3
1252,SUELA SPEED,39,NEGRO,1
1253,SUELA TOKIO,34,BLANCO,141
1254,SUELA TOKIO,35,BLANCO,704
1255,SUELA TOKIO,36,BLANCO,1239
1256,SUELA TOKIO,37,BLANCO,1172
1257,SUELA TOKIO,38,BLANCO,1124
1258,SUELA TOKIO,39,BLANCO,854
1259,SUELA TOKIO,40,BLANCO,409
1260,SUELA TOKIO,34,NEGRO,6
1261,SUELA TOKIO,35,NEGRO,35
1262,SUELA TOKIO,36,NEGRO,61
1263,SUELA TOKIO,38,NEGRO,51
1264,SUELA TOKIO,40,NEGRO,59
1265,SUELA TOKIO,34,KLIM,22
1266,SUELA TOKIO,35,KLIM,68
1267,SUELA TOKIO,36,KLIM,28
1268,SUELA TOKIO,37,KLIM,23
1269,SUELA TOKIO,38,KLIM,21
1270,SUELA TOKIO,39,KLIM,22
1271,SUELA TOKIO,40,KLIM,8
1272,SUELA ALPHA,34,BLANCO,79
1273,SUELA ALPHA,35,BLANCO,118
1274,SUELA ALPHA,36,BLANCO,136
1275,SUELA ALPHA,37,BLANCO,167
1276,SUELA ALPHA,38,BLANCO,269
1277,SUELA ALPHA,39,BLANCO,364
1278,SUELA ALPHA,40,BLANCO,190
1279,SUELA ALPHA,41,BLANCO,150
1280,SUELA ALPHA,42,BLANCO,80
1281,SUELA ALPHA,34,NEGRO,21
1282,SUELA ALPHA,36,NEGRO,69
1283,SUELA ALPHA,38,NEGRO,52
1284,SUELA ALPHA,40,NEGRO,126
1285,SUELA ALPHA,42,NEGRO,44
1286,SUELA X9 TRENZA,34,BLANCO,30
1287,SUELA X9 TRENZA,35,BLANCO,116
1288,SUELA X9 TRENZA,36,BLANCO,10
1289,SUELA X9 TRENZA,37,BLANCO,53
1290,SUELA X9 TRENZA,38,BLANCO,5
1291,SUELA X9 TRENZA,40,BLANCO,12
1292,SUELA X9 TRENZA,42,BLANCO,9
1293,SUELA X9 TRENZA,35,NEGRO,11
1294,SUELA X9 TRENZA,36,NEGRO,55
1295,SUELA X9 TRENZA,37,NEGRO,69
1296,SUELA X9 TRENZA,38,NEGRO,104
1297,SUELA X9 TRENZA,39,NEGRO,42
1298,SUELA X9 TRENZA,40,NEGRO,59
1299,SUELA X9 TRENZA,41,NEGRO,88
1300,SUELA X9 TRENZA,42,NEGRO,69
1301,SUELA LAURA GR,34,BLANCO,6
1302,SUELA LAURA GR,36,BLANCO,3
1303,SUELA LAURA GR,37,BLANCO,7
1304,SUELA LAURA GR,39,NEGRO,30
1305,SUELA ADID GRANDE,34,BLANCO,167
1306,SUELA ADID GRANDE,35,BLANCO,173
1307,SUELA ADID GRANDE,36,BLANCO,530
1308,SUELA ADID GRANDE,37,BLANCO,334
1309,SUELA ADID GRANDE,38,BLANCO,302
1310,SUELA ADID GRANDE,39,BLANCO,297
1311,SUELA ADID GRANDE,40,BLANCO,235
1312,SUELA ADID GRANDE,39,NEGRO,50
1313,SUELA KATAR GRANDE,34,BLANCO,47
1314,SUELA KATAR GRANDE,35,BLANCO,36
1315,SUELA KATAR GRANDE,36,BLANCO,45
1316,SUELA KATAR GRANDE,37,BLANCO,29
1317,SUELA KATAR GRANDE,38,BLANCO,1
1318,SUELA KATAR GRANDE,39,BLANCO,12
1319,SUELA NEW B,35,BLANCO/NEGRO,678
1320,SUELA NEW B,36,BLANCO/NEGRO,218
1321,SUELA NEW B,37,BLANCO/NEGRO,78
1322,SUELA NEW B,38,BLANCO/NEGRO,164
1323,SUELA NEW B,39,BLANCO/NEGRO,66
1324,SUELA NEW B,40,BLANCO/NEGRO,4
1325,SUELA SK GRANDE,34,BLANCO,15
1326,SUELA SK GRANDE,36,BLANCO,21
1327,SUELA SK GRANDE,37,BLANCO,62
1328,SUELA SK GRANDE,38,BLANCO,43
1329,SUELA SK GRANDE,39,BLANCO,11
1330,SUELA SK GRANDE,40,BLANCO,20
1331,SUELA SK GRANDE,34,NEGRO,4
