"1","PT-SELBB","SUELA ELSA BEBE","15","PVC","100","100","100"
"2","PT-SELBB","SUELA ELSA BEBE","16","PVC","100","100","100"
"3","PT-SELBB","SUELA ELSA BEBE","17","PVC","100","100","100"
"4","PT-SELBB","SUELA ELSA BEBE","18","PVC","100","100","100"
"5","PT-SELBB","SUELA ELSA BEBE","19","PVC","100","100","100"
"6","PT-SELBB","SUELA ELSA BEBE","20","PVC","100","100","100"
"7","PT-SELPE","SUELA ELSA PEQUEÑA","21","PVC","100","100","100"
"8","PT-SELPE","SUELA ELSA PEQUEÑA","22","PVC","100","100","100"
"9","PT-SELPE","SUELA ELSA PEQUEÑA","23","PVC","100","100","100"
"10","PT-SELPE","SUELA ELSA PEQUEÑA","24","PVC","100","100","100"
"11","PT-SELPE","SUELA ELSA PEQUEÑA","25","PVC","100","100","100"
"12","PT-SELPE","SUELA ELSA PEQUEÑA","26","PVC","100","100","100"
"13","PT-SELME","SUELA ELSA MEDIANA","27","PVC","100","100","100"
"14","PT-SELME","SUELA ELSA MEDIANA","28","PVC","100","100","100"
"15","PT-SELME","SUELA ELSA MEDIANA","29","PVC","100","100","100"
"16","PT-SELME","SUELA ELSA MEDIANA","30","PVC","100","100","100"
"17","PT-SELME","SUELA ELSA MEDIANA","31","PVC","100","100","100"
"18","PT-SELME","SUELA ELSA MEDIANA","32","PVC","100","100","100"
"19","PT-SELME","SUELA ELSA MEDIANA","33","PVC","100","100","100"
"20","PT-SELGR","SUELA ELSA GRANDE","34","PVC","100","100","100"
"21","PT-SELGR","SUELA ELSA GRANDE","35","PVC","100","100","100"
"22","PT-SELGR","SUELA ELSA GRANDE","36","PVC","100","100","100"
"23","PT-SELGR","SUELA ELSA GRANDE","37","PVC","100","100","100"
"24","PT-SELGR","SUELA ELSA GRANDE","38","PVC","100","100","100"
"25","PT-SELGR","SUELA ELSA GRANDE","39","PVC","100","100","100"
"26","PT-SELGR","SUELA ELSA GRANDE","40","PVC","100","100","100"
"27","PT-SELCS","SUELA ELSA CON SILVATRIM","34","PVC","100","100","100"
"28","PT-SELCS","SUELA ELSA CON SILVATRIM","35","PVC","100","100","100"
"29","PT-SELCS","SUELA ELSA CON SILVATRIM","36","PVC","100","100","100"
"30","PT-SELCS","SUELA ELSA CON SILVATRIM","37","PVC","100","100","100"
"31","PT-SELCS","SUELA ELSA CON SILVATRIM","38","PVC","100","100","100"
"32","PT-SELCS","SUELA ELSA CON SILVATRIM","39","PVC","100","100","100"
"33","PT-SELCS","SUELA ELSA CON SILVATRIM","40","PVC","100","100","100"
"34","PT-SLDI","SUELA BALETA LADIANA","34","PVC","100","100","100"
"35","PT-SLDI","SUELA BALETA LADIANA","35","PVC","100","100","100"
"36","PT-SLDI","SUELA BALETA LADIANA","36","PVC","100","100","100"
"37","PT-SLDI","SUELA BALETA LADIANA","37","PVC","100","100","100"
"38","PT-SLDI","SUELA BALETA LADIANA","38","PVC","100","100","100"
"39","PT-SLDI","SUELA BALETA LADIANA","39","PVC","100","100","100"
"40","PT-SLDI","SUELA BALETA LADIANA","40","PVC","100","100","100"
"41","PT-TAPB1","TAPETE BARDAS 1","0","PVC","100","100","100"
"42","PT-TAPB2","TAPETE BARDAS 2","0","PVC","100","100","100"
"43","PT-TAPS","TAPETE SIERRA","0","PVC","100","100","100"
"44","PT-TAPL","TAPETE LINE 1","0","PVC","100","100","100"
"45","PT-TAPXO","TAPETE XO","0","PVC","100","100","100"
"46","PT-TAPLA1","TAPETE LANY 1","0","PVC","100","100","100"
"47","PT-TAPLA2","TAPETE LANY 2","0","PVC","100","100","100"
"48","PT-TAPSTRFL","TAPETE SIERRA TROQUELADO FLOWER","34","PVC","100","100","100"
"49","PT-TAPSTRFL","TAPETE SIERRA TROQUELADO FLOWER","35","PVC","100","100","100"
"50","PT-TAPSTRFL","TAPETE SIERRA TROQUELADO FLOWER","36","PVC","100","100","100"
"51","PT-TAPSTRFL","TAPETE SIERRA TROQUELADO FLOWER","37","PVC","100","100","100"
"52","PT-TAPSTRFL","TAPETE SIERRA TROQUELADO FLOWER","38","PVC","100","100","100"
"53","PT-TAPSTRFL","TAPETE SIERRA TROQUELADO FLOWER","39","PVC","100","100","100"
"54","PT-TAPSTRFL","TAPETE SIERRA TROQUELADO FLOWER","40","PVC","100","100","100"
"55","PT-SUELISS","SUELIN LISS","34","PVC","100","100","100"
"56","PT-SUELISS","SUELIN LISS","35","PVC","100","100","100"
"57","PT-SUELISS","SUELIN LISS","36","PVC","100","100","100"
"58","PT-SUELISS","SUELIN LISS","37","PVC","100","100","100"
"59","PT-SUELISS","SUELIN LISS","38","PVC","100","100","100"
"60","PT-SUELISS","SUELIN LISS","39","PVC","100","100","100"
"61","PT-SUELISS","SUELIN LISS","40","PVC","100","100","100"
"62","PT-STILO","SUELA TITA LORAINE","34","PVC","100","100","100"
"63","PT-STILO","SUELA TITA LORAINE","35","PVC","100","100","100"
"64","PT-STILO","SUELA TITA LORAINE","36","PVC","100","100","100"
"65","PT-STILO","SUELA TITA LORAINE","37","PVC","100","100","100"
"66","PT-STILO","SUELA TITA LORAINE","38","PVC","100","100","100"
"67","PT-STILO","SUELA TITA LORAINE","39","PVC","100","100","100"
"68","PT-STILO","SUELA TITA LORAINE","40","PVC","100","100","100"
"69","PT-STI","SUELA TITA","34","PVC","100","100","100"
"70","PT-STI","SUELA TITA","35","PVC","100","100","100"
"71","PT-STI","SUELA TITA","36","PVC","100","100","100"
"72","PT-STI","SUELA TITA","37","PVC","100","100","100"
"73","PT-STI","SUELA TITA","38","PVC","100","100","100"
"74","PT-STI","SUELA TITA","39","PVC","100","100","100"
"75","PT-STI","SUELA TITA","40","PVC","100","100","100"
"76","PT-SVA","SUELA VALENTINA","34","PVC","100","100","100"
"77","PT-SVA","SUELA VALENTINA","35","PVC","100","100","100"
"78","PT-SVA","SUELA VALENTINA","36","PVC","100","100","100"
"79","PT-SVA","SUELA VALENTINA","37","PVC","100","100","100"
"80","PT-SVA","SUELA VALENTINA","38","PVC","100","100","100"
"81","PT-SVA","SUELA VALENTINA","39","PVC","100","100","100"
"82","PT-SVA","SUELA VALENTINA","40","PVC","100","100","100"
"83","PT-SLU","SUELA LUNA","34","PVC","100","100","100"
"84","PT-SLU","SUELA LUNA","35","PVC","100","100","100"
"85","PT-SLU","SUELA LUNA","36","PVC","100","100","100"
"86","PT-SLU","SUELA LUNA","37","PVC","100","100","100"
"87","PT-SLU","SUELA LUNA","38","PVC","100","100","100"
"88","PT-SLU","SUELA LUNA","39","PVC","100","100","100"
"89","PT-SLU","SUELA LUNA","40","PVC","100","100","100"
"90","PT-SMA","SUELA MACAO","34","PVC","100","100","100"
"91","PT-SMA","SUELA MACAO","35","PVC","100","100","100"
"92","PT-SMA","SUELA MACAO","36","PVC","100","100","100"
"93","PT-SMA","SUELA MACAO","37","PVC","100","100","100"
"94","PT-SMA","SUELA MACAO","38","PVC","100","100","100"
"95","PT-SMA","SUELA MACAO","39","PVC","100","100","100"
"96","PT-SMA","SUELA MACAO","40","PVC","100","100","100"
"97","PT-SPIME","SUELA PILI MEDIANA","27","PVC","100","100","100"
"98","PT-SPIME","SUELA PILI MEDIANA","28","PVC","100","100","100"
"99","PT-SPIME","SUELA PILI MEDIANA","29","PVC","100","100","100"
"100","PT-SPIME","SUELA PILI MEDIANA","30","PVC","100","100","100"
"101","PT-SPIME","SUELA PILI MEDIANA","31","PVC","100","100","100"
"102","PT-SPIME","SUELA PILI MEDIANA","32","PVC","100","100","100"
"103","PT-SPIME","SUELA PILI MEDIANA","33","PVC","100","100","100"
"104","PT-SPIGR","SUELA PILI GRANDE","34","PVC","100","100","100"
"105","PT-SPIGR","SUELA PILI GRANDE","35","PVC","100","100","100"
"106","PT-SPIGR","SUELA PILI GRANDE","36","PVC","100","100","100"
"107","PT-SPIGR","SUELA PILI GRANDE","37","PVC","100","100","100"
"108","PT-SPIGR","SUELA PILI GRANDE","38","PVC","100","100","100"
"109","PT-SPIGR","SUELA PILI GRANDE","39","PVC","100","100","100"
"110","PT-SPIGR","SUELA PILI GRANDE","40","PVC","100","100","100"
"111","PT-SPIMESI","SUELA PILI CON SILVATRIM MEDIANA","27","PVC","100","100","100"
"112","PT-SPIMESI","SUELA PILI CON SILVATRIM MEDIANA","28","PVC","100","100","100"
"113","PT-SPIMESI","SUELA PILI CON SILVATRIM MEDIANA","29","PVC","100","100","100"
"114","PT-SPIMESI","SUELA PILI CON SILVATRIM MEDIANA","30","PVC","100","100","100"
"115","PT-SPIMESI","SUELA PILI CON SILVATRIM MEDIANA","31","PVC","100","100","100"
"116","PT-SPIMESI","SUELA PILI CON SILVATRIM MEDIANA","32","PVC","100","100","100"
"117","PT-SPIMESI","SUELA PILI CON SILVATRIM MEDIANA","33","PVC","100","100","100"
"118","PT-SPIGRSI","SUELA PILI CON SILVATRIM GRANDE","34","PVC","100","100","100"
"119","PT-SPIGRSI","SUELA PILI CON SILVATRIM GRANDE","35","PVC","100","100","100"
"120","PT-SPIGRSI","SUELA PILI CON SILVATRIM GRANDE","36","PVC","100","100","100"
"121","PT-SPIGRSI","SUELA PILI CON SILVATRIM GRANDE","37","PVC","100","100","100"
"122","PT-SPIGRSI","SUELA PILI CON SILVATRIM GRANDE","38","PVC","100","100","100"
"123","PT-SPIGRSI","SUELA PILI CON SILVATRIM GRANDE","39","PVC","100","100","100"
"124","PT-SPIGRSI","SUELA PILI CON SILVATRIM GRANDE","40","PVC","100","100","100"
"125","PT-SUELI","SUELIN NICOLLE","34","PVC","100","100","100"
"126","PT-SUELI","SUELIN NICOLLE","35","PVC","100","100","100"
"127","PT-SUELI","SUELIN NICOLLE","36","PVC","100","100","100"
"128","PT-SUELI","SUELIN NICOLLE","37","PVC","100","100","100"
"129","PT-SUELI","SUELIN NICOLLE","38","PVC","100","100","100"
"130","PT-SUELI","SUELIN NICOLLE","39","PVC","100","100","100"
"131","PT-SUELI","SUELIN NICOLLE","40","PVC","100","100","100"
"132","PT-SSA","SUELA SAMAYA","34","PVC","100","100","100"
"133","PT-SSA","SUELA SAMAYA","35","PVC","100","100","100"
"134","PT-SSA","SUELA SAMAYA","36","PVC","100","100","100"
"135","PT-SSA","SUELA SAMAYA","37","PVC","100","100","100"
"136","PT-SSA","SUELA SAMAYA","38","PVC","100","100","100"
"137","PT-SSA","SUELA SAMAYA","39","PVC","100","100","100"
"138","PT-SSA","SUELA SAMAYA","40","PVC","100","100","100"
"139","PT-SVARE","SUELA VALEX REDONDA","34","PVC","100","100","100"
"140","PT-SVARE","SUELA VALEX REDONDA","35","PVC","100","100","100"
"141","PT-SVARE","SUELA VALEX REDONDA","36","PVC","100","100","100"
"142","PT-SVARE","SUELA VALEX REDONDA","37","PVC","100","100","100"
"143","PT-SVARE","SUELA VALEX REDONDA","38","PVC","100","100","100"
"144","PT-SVARE","SUELA VALEX REDONDA","39","PVC","100","100","100"
"145","PT-SVARE","SUELA VALEX REDONDA","40","PVC","100","100","100"
"146","PT-SVAPU","SUELA VALEX PUNTUDA","34","PVC","100","100","100"
"147","PT-SVAPU","SUELA VALEX PUNTUDA","35","PVC","100","100","100"
"148","PT-SVAPU","SUELA VALEX PUNTUDA","36","PVC","100","100","100"
"149","PT-SVAPU","SUELA VALEX PUNTUDA","37","PVC","100","100","100"
"150","PT-SVAPU","SUELA VALEX PUNTUDA","38","PVC","100","100","100"
"151","PT-SVAPU","SUELA VALEX PUNTUDA","39","PVC","100","100","100"
"152","PT-SVAPU","SUELA VALEX PUNTUDA","40","PVC","100","100","100"
"153","PT-SUEMA32","SUELIN MAOLI 3/2","34","PVC","100","100","100"
"154","PT-SUEMA32","SUELIN MAOLI 3/2","35","PVC","100","100","100"
"155","PT-SUEMA32","SUELIN MAOLI 3/2","36","PVC","100","100","100"
"156","PT-SUEMA32","SUELIN MAOLI 3/2","37","PVC","100","100","100"
"157","PT-SUEMA32","SUELIN MAOLI 3/2","38","PVC","100","100","100"
"158","PT-SUEMA32","SUELIN MAOLI 3/2","39","PVC","100","100","100"
"159","PT-SUEMA32","SUELIN MAOLI 3/2","40","PVC","100","100","100"
"160","PT-SUEMA72","SUELIN MAOLI 7/2","34","PVC","100","100","100"
"161","PT-SUEMA72","SUELIN MAOLI 7/2","35","PVC","100","100","100"
"162","PT-SUEMA72","SUELIN MAOLI 7/2","36","PVC","100","100","100"
"163","PT-SUEMA72","SUELIN MAOLI 7/2","37","PVC","100","100","100"
"164","PT-SUEMA72","SUELIN MAOLI 7/2","38","PVC","100","100","100"
"165","PT-SUEMA72","SUELIN MAOLI 7/2","39","PVC","100","100","100"
"166","PT-SUEMA72","SUELIN MAOLI 7/2","40","PVC","100","100","100"
"167","PT-SST","SUELA STEFANY","34","PVC","100","100","100"
"168","PT-SST","SUELA STEFANY","35","PVC","100","100","100"
"169","PT-SST","SUELA STEFANY","36","PVC","100","100","100"
"170","PT-SST","SUELA STEFANY","37","PVC","100","100","100"
"171","PT-SST","SUELA STEFANY","38","PVC","100","100","100"
"172","PT-SST","SUELA STEFANY","39","PVC","100","100","100"
"173","PT-SST","SUELA STEFANY","40","PVC","100","100","100"
"174","PT-SST","SUELA STEFANY","41","PVC","100","100","100"
"175","PT-SSTSI","SUELA STEFANY CON SILVATRIM","34","PVC","100","100","100"
"176","PT-SSTSI","SUELA STEFANY CON SILVATRIM","35","PVC","100","100","100"
"177","PT-SSTSI","SUELA STEFANY CON SILVATRIM","36","PVC","100","100","100"
"178","PT-SSTSI","SUELA STEFANY CON SILVATRIM","37","PVC","100","100","100"
"179","PT-SSTSI","SUELA STEFANY CON SILVATRIM","38","PVC","100","100","100"
"180","PT-SSTSI","SUELA STEFANY CON SILVATRIM","39","PVC","100","100","100"
"181","PT-SSTSI","SUELA STEFANY CON SILVATRIM","40","PVC","100","100","100"
"182","PT-SLIPE","SUELA LINDA PEQUEÑA","21","PVC","100","100","100"
"183","PT-SLIPE","SUELA LINDA PEQUEÑA","22","PVC","100","100","100"
"184","PT-SLIPE","SUELA LINDA PEQUEÑA","23","PVC","100","100","100"
"185","PT-SLIPE","SUELA LINDA PEQUEÑA","24","PVC","100","100","100"
"186","PT-SLIPE","SUELA LINDA PEQUEÑA","25","PVC","100","100","100"
"187","PT-SLIPE","SUELA LINDA PEQUEÑA","26","PVC","100","100","100"
"188","PT-SLIME","SUELA LINDA MEDIANA","27","PVC","100","100","100"
"189","PT-SLIME","SUELA LINDA MEDIANA","28","PVC","100","100","100"
"190","PT-SLIME","SUELA LINDA MEDIANA","29","PVC","100","100","100"
"191","PT-SLIME","SUELA LINDA MEDIANA","30","PVC","100","100","100"
"192","PT-SLIME","SUELA LINDA MEDIANA","31","PVC","100","100","100"
"193","PT-SLIME","SUELA LINDA MEDIANA","32","PVC","100","100","100"
"194","PT-SLIME","SUELA LINDA MEDIANA","33","PVC","100","100","100"
"195","PT-SLIGR","SUELA LINDA GRANDE","34","PVC","100","100","100"
"196","PT-SLIGR","SUELA LINDA GRANDE","35","PVC","100","100","100"
"197","PT-SLIGR","SUELA LINDA GRANDE","36","PVC","100","100","100"
"198","PT-SLIGR","SUELA LINDA GRANDE","37","PVC","100","100","100"
"199","PT-SLIGR","SUELA LINDA GRANDE","38","PVC","100","100","100"
"200","PT-SLIGR","SUELA LINDA GRANDE","39","PVC","100","100","100"
"201","PT-SLIGR","SUELA LINDA GRANDE","40","PVC","100","100","100"
"202","PT-SLIPESS","SUELA LINDA SIN SILVATRIM PEQUE�A","21","PVC","100","100","100"
"203","PT-SLIPESS","SUELA LINDA SIN SILVATRIM PEQUE�A","22","PVC","100","100","100"
"204","PT-SLIPESS","SUELA LINDA SIN SILVATRIM PEQUE�A","23","PVC","100","100","100"
"205","PT-SLIPESS","SUELA LINDA SIN SILVATRIM PEQUE�A","24","PVC","100","100","100"
"206","PT-SLIPESS","SUELA LINDA SIN SILVATRIM PEQUE�A","25","PVC","100","100","100"
"207","PT-SLIPESS","SUELA LINDA SIN SILVATRIM PEQUE�A","26","PVC","100","100","100"
"208","PT-SLIMESS","SUELA LINDA SIN SILVATRIM MEDIANA","27","PVC","100","100","100"
"209","PT-SLIMESS","SUELA LINDA SIN SILVATRIM MEDIANA","28","PVC","100","100","100"
"210","PT-SLIMESS","SUELA LINDA SIN SILVATRIM MEDIANA","29","PVC","100","100","100"
"211","PT-SLIMESS","SUELA LINDA SIN SILVATRIM MEDIANA","30","PVC","100","100","100"
"212","PT-SLIMESS","SUELA LINDA SIN SILVATRIM MEDIANA","31","PVC","100","100","100"
"213","PT-SLIMESS","SUELA LINDA SIN SILVATRIM MEDIANA","32","PVC","100","100","100"
"214","PT-SLIMESS","SUELA LINDA SIN SILVATRIM MEDIANA","33","PVC","100","100","100"
"215","PT-SUEPA","SUELIN PAULA","34","PVC","100","100","100"
"216","PT-SUEPA","SUELIN PAULA","35","PVC","100","100","100"
"217","PT-SUEPA","SUELIN PAULA","36","PVC","100","100","100"
"218","PT-SUEPA","SUELIN PAULA","37","PVC","100","100","100"
"219","PT-SUEPA","SUELIN PAULA","38","PVC","100","100","100"
"220","PT-SUEPA","SUELIN PAULA","39","PVC","100","100","100"
"221","PT-SUEPA","SUELIN PAULA","40","PVC","100","100","100"
"222","PT-SUEBE","SUELIN BEIRA","34","PVC","100","100","100"
"223","PT-SUEBE","SUELIN BEIRA","35","PVC","100","100","100"
"224","PT-SUEBE","SUELIN BEIRA","36","PVC","100","100","100"
"225","PT-SUEBE","SUELIN BEIRA","37","PVC","100","100","100"
"226","PT-SUEBE","SUELIN BEIRA","38","PVC","100","100","100"
"227","PT-SUEBE","SUELIN BEIRA","39","PVC","100","100","100"
"228","PT-SUEBE","SUELIN BEIRA","40","PVC","100","100","100"
"229","PT-SSO","SUELA SOFIA","34","PVC","100","100","100"
"230","PT-SSO","SUELA SOFIA","35","PVC","100","100","100"
"231","PT-SSO","SUELA SOFIA","36","PVC","100","100","100"
"232","PT-SSO","SUELA SOFIA","37","PVC","100","100","100"
"233","PT-SSO","SUELA SOFIA","38","PVC","100","100","100"
"234","PT-SSO","SUELA SOFIA","39","PVC","100","100","100"
"235","PT-SSO","SUELA SOFIA","40","PVC","100","100","100"
"236","PT-SIR","SUELA IRIS","34","PVC","100","100","100"
"237","PT-SIR","SUELA IRIS","35","PVC","100","100","100"
"238","PT-SIR","SUELA IRIS","36","PVC","100","100","100"
"239","PT-SIR","SUELA IRIS","37","PVC","100","100","100"
"240","PT-SIR","SUELA IRIS","38","PVC","100","100","100"
"241","PT-SIR","SUELA IRIS","39","PVC","100","100","100"
"242","PT-SIR","SUELA IRIS","40","PVC","100","100","100"
"243","PT-SEL","SUELA ELECTRA","34","PVC","100","100","100"
"244","PT-SEL","SUELA ELECTRA","35","PVC","100","100","100"
"245","PT-SEL","SUELA ELECTRA","36","PVC","100","100","100"
"246","PT-SEL","SUELA ELECTRA","37","PVC","100","100","100"
"247","PT-SEL","SUELA ELECTRA","38","PVC","100","100","100"
"248","PT-SEL","SUELA ELECTRA","39","PVC","100","100","100"
"249","PT-SEL","SUELA ELECTRA","40","PVC","100","100","100"
"250","PT-SEL","SUELA ELECTRA","41","PVC","100","100","100"
"251","PT-SEL","SUELA ELECTRA","42","PVC","100","100","100"
"252","PT-SEL","SUELA ELECTRA","43","PVC","100","100","100"
"253","PT-SUECP","SUELIN CANOA PUNTOS","34","PVC","100","100","100"
"254","PT-SUECP","SUELIN CANOA PUNTOS","35","PVC","100","100","100"
"255","PT-SUECP","SUELIN CANOA PUNTOS","36","PVC","100","100","100"
"256","PT-SUECP","SUELIN CANOA PUNTOS","37","PVC","100","100","100"
"257","PT-SUECP","SUELIN CANOA PUNTOS","38","PVC","100","100","100"
"258","PT-SUECP","SUELIN CANOA PUNTOS","39","PVC","100","100","100"
"259","PT-SUECP","SUELIN CANOA PUNTOS","40","PVC","100","100","100"
"260","PT-SMAD","SUELA MARIA D","34","PVC","100","100","100"
"261","PT-SMAD","SUELA MARIA D","35","PVC","100","100","100"
"262","PT-SMAD","SUELA MARIA D","36","PVC","100","100","100"
"263","PT-SMAD","SUELA MARIA D","37","PVC","100","100","100"
"264","PT-SMAD","SUELA MARIA D","38","PVC","100","100","100"
"265","PT-SMAD","SUELA MARIA D","39","PVC","100","100","100"
"266","PT-SMAD","SUELA MARIA D","40","PVC","100","100","100"
"267","PT-SMAR","SUELA MARIANA","34","PVC","100","100","100"
"268","PT-SMAR","SUELA MARIANA","35","PVC","100","100","100"
"269","PT-SMAR","SUELA MARIANA","36","PVC","100","100","100"
"270","PT-SMAR","SUELA MARIANA","37","PVC","100","100","100"
"271","PT-SMAR","SUELA MARIANA","38","PVC","100","100","100"
"272","PT-SMAR","SUELA MARIANA","39","PVC","100","100","100"
"273","PT-SMAR","SUELA MARIANA","40","PVC","100","100","100"
"274","PT-SUEMP5","SUELIN MEDIA PLA 5","34","PVC","100","100","100"
"275","PT-SUEMP5","SUELIN MEDIA PLA 5","35","PVC","100","100","100"
"276","PT-SUEMP5","SUELIN MEDIA PLA 5","36","PVC","100","100","100"
"277","PT-SUEMP5","SUELIN MEDIA PLA 5","37","PVC","100","100","100"
"278","PT-SUEMP5","SUELIN MEDIA PLA 5","38","PVC","100","100","100"
"279","PT-SUEMP5","SUELIN MEDIA PLA 5","39","PVC","100","100","100"
"280","PT-SUEMP5","SUELIN MEDIA PLA 5","40","PVC","100","100","100"
"281","PT-MP5","MEDIA PLA 5","34","PVC","100","100","100"
"282","PT-MP5","MEDIA PLA 5","35","PVC","100","100","100"
"283","PT-MP5","MEDIA PLA 5","36","PVC","100","100","100"
"284","PT-MP5","MEDIA PLA 5","37","PVC","100","100","100"
"285","PT-MP5","MEDIA PLA 5","38","PVC","100","100","100"
"286","PT-MP5","MEDIA PLA 5","39","PVC","100","100","100"
"287","PT-MP5","MEDIA PLA 5","40","PVC","100","100","100"
"288","PT-SCOG","SUELA COLEGIAL GR","34","PVC","100","100","100"
"289","PT-SCOG","SUELA COLEGIAL GR","35","PVC","100","100","100"
"290","PT-SCOG","SUELA COLEGIAL GR","36","PVC","100","100","100"
"291","PT-SCOG","SUELA COLEGIAL GR","37","PVC","100","100","100"
"292","PT-SCOG","SUELA COLEGIAL GR","38","PVC","100","100","100"
"293","PT-SCOG","SUELA COLEGIAL GR","39","PVC","100","100","100"
"294","PT-SCOG","SUELA COLEGIAL GR","40","PVC","100","100","100"
"295","PT-TAPBA","TAPETE BAMBU","0","PVC","100","100","100"
"296","PT-STO","SUELA TOMS","34","PVC","100","100","100"
"297","PT-STO","SUELA TOMS","35","PVC","100","100","100"
"298","PT-STO","SUELA TOMS","36","PVC","100","100","100"
"299","PT-STO","SUELA TOMS","37","PVC","100","100","100"
"300","PT-STO","SUELA TOMS","38","PVC","100","100","100"
"301","PT-STO","SUELA TOMS","39","PVC","100","100","100"
"302","PT-STO","SUELA TOMS","40","PVC","100","100","100"
"303","PT-CCRAZI","CUÑA CRAZY","34","PVC","100","100","100"
"304","PT-CCRAZI","CUÑA CRAZY","35","PVC","100","100","100"
"305","PT-CCRAZI","CUÑA CRAZY","36","PVC","100","100","100"
"306","PT-CCRAZI","CUÑA CRAZY","37","PVC","100","100","100"
"307","PT-CCRAZI","CUÑA CRAZY","38","PVC","100","100","100"
"308","PT-CCRAZI","CUÑA CRAZY","39","PVC","100","100","100"
"309","PT-CCRAZI","CUÑA CRAZY","40","PVC","100","100","100"
"310","PT-FREEBINJ","SUELA FREE BINUMERO JUVENIL","3334","EXPANSO","100","100","100"
"311","PT-FREEBINJ","SUELA FREE BINUMERO JUVENIL","3536","EXPANSO","100","100","100"
"312","PT-FREEBINH","SUELA FREE BINUMERO HOMBRE","3738","EXPANSO","100","100","100"
"313","PT-FREEBINH","SUELA FREE BINUMERO HOMBRE","3940","EXPANSO","100","100","100"
"314","PT-FREEBINH","SUELA FREE BINUMERO HOMBRE","4142","EXPANSO","100","100","100"
"315","PT-MARIELI","SUELA MARIELITA","34","EXPANSO","100","100","100"
"316","PT-MARIELI","SUELA MARIELITA","35","EXPANSO","100","100","100"
"317","PT-MARIELI","SUELA MARIELITA","36","EXPANSO","100","100","100"
"318","PT-MARIELI","SUELA MARIELITA","37","EXPANSO","100","100","100"
"319","PT-MARIELI","SUELA MARIELITA","38","EXPANSO","100","100","100"
"320","PT-MARIELI","SUELA MARIELITA","39","EXPANSO","100","100","100"
"321","PT-MARIELI","SUELA MARIELITA","40","EXPANSO","100","100","100"
"322","PT-ALWAYS","SUELA ALWAYS","34","EXPANSO","100","100","100"
"323","PT-ALWAYS","SUELA ALWAYS","35","EXPANSO","100","100","100"
"324","PT-ALWAYS","SUELA ALWAYS","36","EXPANSO","100","100","100"
"325","PT-ALWAYS","SUELA ALWAYS","37","EXPANSO","100","100","100"
"326","PT-ALWAYS","SUELA ALWAYS","38","EXPANSO","100","100","100"
"327","PT-ALWAYS","SUELA ALWAYS","39","EXPANSO","100","100","100"
"328","PT-ALWAYS","SUELA ALWAYS","40","EXPANSO","100","100","100"
"329","PT-ALWAYN","SUELA ALWAYS NUEVA","34","EXPANSO","100","100","100"
"330","PT-ALWAYN","SUELA ALWAYS NUEVA","35","EXPANSO","100","100","100"
"331","PT-ALWAYN","SUELA ALWAYS NUEVA","36","EXPANSO","100","100","100"
"332","PT-ALWAYN","SUELA ALWAYS NUEVA","37","EXPANSO","100","100","100"
"333","PT-ALWAYN","SUELA ALWAYS NUEVA","38","EXPANSO","100","100","100"
"334","PT-ALWAYN","SUELA ALWAYS NUEVA","39","EXPANSO","100","100","100"
"335","PT-ALWAYN","SUELA ALWAYS NUEVA","40","EXPANSO","100","100","100"
"336","PT-BRAHMM","SUELA BRAHAMA NIÑA","27","EXPANSO","100","100","100"
"337","PT-BRAHMM","SUELA BRAHAMA NIÑA","28","EXPANSO","100","100","100"
"338","PT-BRAHMM","SUELA BRAHAMA NIÑA","29","EXPANSO","100","100","100"
"339","PT-BRAHMM","SUELA BRAHAMA NIÑA","30","EXPANSO","100","100","100"
"340","PT-BRAHMM","SUELA BRAHAMA NIÑA","31","EXPANSO","100","100","100"
"341","PT-BRAHMM","SUELA BRAHAMA NIÑA","32","EXPANSO","100","100","100"
"342","PT-BRAHMM","SUELA BRAHAMA NIÑA","33","EXPANSO","100","100","100"
"343","PT-BRAHMG","SUELA BRAHAMA DAMA","34","EXPANSO","100","100","100"
"344","PT-BRAHMG","SUELA BRAHAMA DAMA","35","EXPANSO","100","100","100"
"345","PT-BRAHMG","SUELA BRAHAMA DAMA","36","EXPANSO","100","100","100"
"346","PT-BRAHMG","SUELA BRAHAMA DAMA","37","EXPANSO","100","100","100"
"347","PT-BRAHMG","SUELA BRAHAMA DAMA","38","EXPANSO","100","100","100"
"348","PT-BRAHMG","SUELA BRAHAMA DAMA","39","EXPANSO","100","100","100"
"349","PT-BRAHMG","SUELA BRAHAMA DAMA","40","EXPANSO","100","100","100"
"350","PT-PLANBRAM","SUELA PLANTILLA BRAHAMA NIÑA","27","EXPANSO","100","100","100"
"351","PT-PLANBRAM","SUELA PLANTILLA BRAHAMA NIÑA","28","EXPANSO","100","100","100"
"352","PT-PLANBRAM","SUELA PLANTILLA BRAHAMA NIÑA","29","EXPANSO","100","100","100"
"353","PT-PLANBRAM","SUELA PLANTILLA BRAHAMA NIÑA","30","EXPANSO","100","100","100"
"354","PT-PLANBRAM","SUELA PLANTILLA BRAHAMA NIÑA","31","EXPANSO","100","100","100"
"355","PT-PLANBRAM","SUELA PLANTILLA BRAHAMA NIÑA","32","EXPANSO","100","100","100"
"356","PT-PLANBRAM","SUELA PLANTILLA BRAHAMA NIÑA","33","EXPANSO","100","100","100"
"357","PT-PLANBRAG","SUELA PLANTILLA BRAHAMA DAMA","34","EXPANSO","100","100","100"
"358","PT-PLANBRAG","SUELA PLANTILLA BRAHAMA DAMA","35","EXPANSO","100","100","100"
"359","PT-PLANBRAG","SUELA PLANTILLA BRAHAMA DAMA","36","EXPANSO","100","100","100"
"360","PT-PLANBRAG","SUELA PLANTILLA BRAHAMA DAMA","37","EXPANSO","100","100","100"
"361","PT-PLANBRAG","SUELA PLANTILLA BRAHAMA DAMA","38","EXPANSO","100","100","100"
"362","PT-PLANBRAG","SUELA PLANTILLA BRAHAMA DAMA","39","EXPANSO","100","100","100"
"363","PT-PLANBRAG","SUELA PLANTILLA BRAHAMA DAMA","40","EXPANSO","100","100","100"
"364","PT-SBEIRA","SUELA BEIRA","34","EXPANSO","100","100","100"
"365","PT-SBEIRA","SUELA BEIRA","35","EXPANSO","100","100","100"
"366","PT-SBEIRA","SUELA BEIRA","36","EXPANSO","100","100","100"
"367","PT-SBEIRA","SUELA BEIRA","37","EXPANSO","100","100","100"
"368","PT-SBEIRA","SUELA BEIRA","38","EXPANSO","100","100","100"
"369","PT-SBEIRA","SUELA BEIRA","39","EXPANSO","100","100","100"
"370","PT-SBEIRA","SUELA BEIRA","40","EXPANSO","100","100","100"
"371","PT-SBEIRA","SUELA BEIRA","41","EXPANSO","100","100","100"
"372","PT-SBEIRA","SUELA BEIRA","42","EXPANSO","100","100","100"
"373","PT-SBR","SUELA BRESKA","34","EXPANSO","100","100","100"
"374","PT-SBR","SUELA BRESKA","35","EXPANSO","100","100","100"
"375","PT-SBR","SUELA BRESKA","36","EXPANSO","100","100","100"
"376","PT-SBR","SUELA BRESKA","37","EXPANSO","100","100","100"
"377","PT-SBR","SUELA BRESKA","38","EXPANSO","100","100","100"
"378","PT-SBR","SUELA BRESKA","39","EXPANSO","100","100","100"
"379","PT-SBR","SUELA BRESKA","40","EXPANSO","100","100","100"
"380","PT-SUECRN","SUELIN CRAZY NUEVO","34","EXPANSO","100","100","100"
"381","PT-SUECRN","SUELIN CRAZY NUEVO","35","EXPANSO","100","100","100"
"382","PT-SUECRN","SUELIN CRAZY NUEVO","36","EXPANSO","100","100","100"
"383","PT-SUECRN","SUELIN CRAZY NUEVO","37","EXPANSO","100","100","100"
"384","PT-SUECRN","SUELIN CRAZY NUEVO","38","EXPANSO","100","100","100"
"385","PT-SUECRN","SUELIN CRAZY NUEVO","39","EXPANSO","100","100","100"
"386","PT-SUECRN","SUELIN CRAZY NUEVO","40","EXPANSO","100","100","100"
"387","PT-SUECRV","SUELIN CRAZY","34","EXPANSO","100","100","100"
"388","PT-SUECRV","SUELIN CRAZY","35","EXPANSO","100","100","100"
"389","PT-SUECRV","SUELIN CRAZY","36","EXPANSO","100","100","100"
"390","PT-SUECRV","SUELIN CRAZY","37","EXPANSO","100","100","100"
"391","PT-SUECRV","SUELIN CRAZY","38","EXPANSO","100","100","100"
"392","PT-SUECRV","SUELIN CRAZY","39","EXPANSO","100","100","100"
"393","PT-SUECRV","SUELIN CRAZY","40","EXPANSO","100","100","100"
"394","PT-SCL","SUELA CLOUDFORM","34","EXPANSO","100","100","100"
"395","PT-SCL","SUELA CLOUDFORM","35","EXPANSO","100","100","100"
"396","PT-SCL","SUELA CLOUDFORM","36","EXPANSO","100","100","100"
"397","PT-SCL","SUELA CLOUDFORM","37","EXPANSO","100","100","100"
"398","PT-SCL","SUELA CLOUDFORM","38","EXPANSO","100","100","100"
"399","PT-SCL","SUELA CLOUDFORM","39","EXPANSO","100","100","100"
"400","PT-SCL","SUELA CLOUDFORM","40","EXPANSO","100","100","100"
"401","PT-SCP","SUELA CANOA PUNTOS","34","EXPANSO","100","100","100"
"402","PT-SCP","SUELA CANOA PUNTOS","35","EXPANSO","100","100","100"
"403","PT-SCP","SUELA CANOA PUNTOS","36","EXPANSO","100","100","100"
"404","PT-SCP","SUELA CANOA PUNTOS","37","EXPANSO","100","100","100"
"405","PT-SCP","SUELA CANOA PUNTOS","38","EXPANSO","100","100","100"
"406","PT-SCP","SUELA CANOA PUNTOS","39","EXPANSO","100","100","100"
"407","PT-SCP","SUELA CANOA PUNTOS","40","EXPANSO","100","100","100"
"408","PT-SDO","SUELA DOLCE","34","EXPANSO","100","100","100"
"409","PT-SDO","SUELA DOLCE","35","EXPANSO","100","100","100"
"410","PT-SDO","SUELA DOLCE","36","EXPANSO","100","100","100"
"411","PT-SDO","SUELA DOLCE","37","EXPANSO","100","100","100"
"412","PT-SDO","SUELA DOLCE","38","EXPANSO","100","100","100"
"413","PT-SDO","SUELA DOLCE","39","EXPANSO","100","100","100"
"414","PT-SDO","SUELA DOLCE","40","EXPANSO","100","100","100"
"415","PT-SDO","SUELA DOLCE","41","EXPANSO","100","100","100"
"416","PT-SDO","SUELA DOLCE","42","EXPANSO","100","100","100"
"417","PT-SEI","SUELA EIMY","34","EXPANSO","100","100","100"
"418","PT-SEI","SUELA EIMY","35","EXPANSO","100","100","100"
"419","PT-SEI","SUELA EIMY","36","EXPANSO","100","100","100"
"420","PT-SEI","SUELA EIMY","37","EXPANSO","100","100","100"
"421","PT-SEI","SUELA EIMY","38","EXPANSO","100","100","100"
"422","PT-SEI","SUELA EIMY","39","EXPANSO","100","100","100"
"423","PT-SEI","SUELA EIMY","40","EXPANSO","100","100","100"
"424","PT-SEP","SUELA EPIC","34","EXPANSO","100","100","100"
"425","PT-SEP","SUELA EPIC","35","EXPANSO","100","100","100"
"426","PT-SEP","SUELA EPIC","36","EXPANSO","100","100","100"
"427","PT-SEP","SUELA EPIC","37","EXPANSO","100","100","100"
"428","PT-SEP","SUELA EPIC","38","EXPANSO","100","100","100"
"429","PT-SEP","SUELA EPIC","39","EXPANSO","100","100","100"
"430","PT-SEP","SUELA EPIC","40","EXPANSO","100","100","100"
"431","PT-SEP","SUELA EPIC","41","EXPANSO","100","100","100"
"432","PT-SEP","SUELA EPIC","42","EXPANSO","100","100","100"
"433","PT-SFE","SUELA FELICIANA","34","EXPANSO","100","100","100"
"434","PT-SFE","SUELA FELICIANA","35","EXPANSO","100","100","100"
"435","PT-SFE","SUELA FELICIANA","36","EXPANSO","100","100","100"
"436","PT-SFE","SUELA FELICIANA","37","EXPANSO","100","100","100"
"437","PT-SFE","SUELA FELICIANA","38","EXPANSO","100","100","100"
"438","PT-SFE","SUELA FELICIANA","39","EXPANSO","100","100","100"
"439","PT-SFE","SUELA FELICIANA","40","EXPANSO","100","100","100"
"440","PT-SFLP","SUELA FLOWER PEQUEÑA","21","EXPANSO","100","100","100"
"441","PT-SFLP","SUELA FLOWER PEQUEÑA","22","EXPANSO","100","100","100"
"442","PT-SFLP","SUELA FLOWER PEQUEÑA","23","EXPANSO","100","100","100"
"443","PT-SFLP","SUELA FLOWER PEQUEÑA","24","EXPANSO","100","100","100"
"444","PT-SFLP","SUELA FLOWER PEQUEÑA","25","EXPANSO","100","100","100"
"445","PT-SFLP","SUELA FLOWER PEQUEÑA","26","EXPANSO","100","100","100"
"446","PT-SFLM","SUELA FLOWER MEDIANA","27","EXPANSO","100","100","100"
"447","PT-SFLM","SUELA FLOWER MEDIANA","28","EXPANSO","100","100","100"
"448","PT-SFLM","SUELA FLOWER MEDIANA","29","EXPANSO","100","100","100"
"449","PT-SFLM","SUELA FLOWER MEDIANA","30","EXPANSO","100","100","100"
"450","PT-SFLM","SUELA FLOWER MEDIANA","31","EXPANSO","100","100","100"
"451","PT-SFLM","SUELA FLOWER MEDIANA","32","EXPANSO","100","100","100"
"452","PT-SFLM","SUELA FLOWER MEDIANA","33","EXPANSO","100","100","100"
"453","PT-SFLD","SUELA FLOWER DAMA","34","EXPANSO","100","100","100"
"454","PT-SFLD","SUELA FLOWER DAMA","35","EXPANSO","100","100","100"
"455","PT-SFLD","SUELA FLOWER DAMA","36","EXPANSO","100","100","100"
"456","PT-SFLD","SUELA FLOWER DAMA","37","EXPANSO","100","100","100"
"457","PT-SFLD","SUELA FLOWER DAMA","38","EXPANSO","100","100","100"
"458","PT-SFLD","SUELA FLOWER DAMA","39","EXPANSO","100","100","100"
"459","PT-SFLD","SUELA FLOWER DAMA","40","EXPANSO","100","100","100"
"460","PT-SGA","SUELA GABANNA","34","EXPANSO","100","100","100"
"461","PT-SGA","SUELA GABANNA","35","EXPANSO","100","100","100"
"462","PT-SGA","SUELA GABANNA","36","EXPANSO","100","100","100"
"463","PT-SGA","SUELA GABANNA","37","EXPANSO","100","100","100"
"464","PT-SGA","SUELA GABANNA","38","EXPANSO","100","100","100"
"465","PT-SGA","SUELA GABANNA","39","EXPANSO","100","100","100"
"466","PT-SGA","SUELA GABANNA","40","EXPANSO","100","100","100"
"467","PT-SGA","SUELA GABANNA","41","EXPANSO","100","100","100"
"468","PT-SGA","SUELA GABANNA","42","EXPANSO","100","100","100"
"469","PT-SGA","SUELA GABANNA","43","EXPANSO","100","100","100"
"470","PT-SGI","SUELA GINA","34","EXPANSO","100","100","100"
"471","PT-SGI","SUELA GINA","35","EXPANSO","100","100","100"
"472","PT-SGI","SUELA GINA","36","EXPANSO","100","100","100"
"473","PT-SGI","SUELA GINA","37","EXPANSO","100","100","100"
"474","PT-SGI","SUELA GINA","38","EXPANSO","100","100","100"
"475","PT-SGI","SUELA GINA","39","EXPANSO","100","100","100"
"476","PT-SGI","SUELA GINA","40","EXPANSO","100","100","100"
"477","PT-SKA","SUELA KARLA","34","EXPANSO","100","100","100"
"478","PT-SKA","SUELA KARLA","35","EXPANSO","100","100","100"
"479","PT-SKA","SUELA KARLA","36","EXPANSO","100","100","100"
"480","PT-SKA","SUELA KARLA","37","EXPANSO","100","100","100"
"481","PT-SKA","SUELA KARLA","38","EXPANSO","100","100","100"
"482","PT-SKA","SUELA KARLA","39","EXPANSO","100","100","100"
"483","PT-SKA","SUELA KARLA","40","EXPANSO","100","100","100"
"484","PT-SKAD","SUELA KARLA DEPORTIVA","34","EXPANSO","100","100","100"
"485","PT-SKAD","SUELA KARLA DEPORTIVA","35","EXPANSO","100","100","100"
"486","PT-SKAD","SUELA KARLA DEPORTIVA","36","EXPANSO","100","100","100"
"487","PT-SKAD","SUELA KARLA DEPORTIVA","37","EXPANSO","100","100","100"
"488","PT-SKAD","SUELA KARLA DEPORTIVA","38","EXPANSO","100","100","100"
"489","PT-SKAD","SUELA KARLA DEPORTIVA","39","EXPANSO","100","100","100"
"490","PT-SKAD","SUELA KARLA DEPORTIVA","40","EXPANSO","100","100","100"
"491","PT-SKRN","SUELA KROSS NIÑA","27","EXPANSO","100","100","100"
"492","PT-SKRN","SUELA KROSS NIÑA","28","EXPANSO","100","100","100"
"493","PT-SKRN","SUELA KROSS NIÑA","29","EXPANSO","100","100","100"
"494","PT-SKRN","SUELA KROSS NIÑA","30","EXPANSO","100","100","100"
"495","PT-SKRN","SUELA KROSS NIÑA","31","EXPANSO","100","100","100"
"496","PT-SKRN","SUELA KROSS NIÑA","32","EXPANSO","100","100","100"
"497","PT-SKRN","SUELA KROSS NIÑA","33","EXPANSO","100","100","100"
"498","PT-SKRD","SUELA KROSS DAMA","34","EXPANSO","100","100","100"
"499","PT-SKRD","SUELA KROSS DAMA","35","EXPANSO","100","100","100"
"500","PT-SKRD","SUELA KROSS DAMA","36","EXPANSO","100","100","100"
"501","PT-SKRD","SUELA KROSS DAMA","37","EXPANSO","100","100","100"
"502","PT-SKRD","SUELA KROSS DAMA","38","EXPANSO","100","100","100"
"503","PT-SKRD","SUELA KROSS DAMA","39","EXPANSO","100","100","100"
"504","PT-SKRD","SUELA KROSS DAMA","40","EXPANSO","100","100","100"
"505","PT-SLO","SUELA LOVE","34","EXPANSO","100","100","100"
"506","PT-SLO","SUELA LOVE","35","EXPANSO","100","100","100"
"507","PT-SLO","SUELA LOVE","36","EXPANSO","100","100","100"
"508","PT-SLO","SUELA LOVE","37","EXPANSO","100","100","100"
"509","PT-SLO","SUELA LOVE","38","EXPANSO","100","100","100"
"510","PT-SLO","SUELA LOVE","39","EXPANSO","100","100","100"
"511","PT-SLO","SUELA LOVE","40","EXPANSO","100","100","100"
"512","PT-SMI","SUELA MICHAEL BINUMERO","36","EXPANSO","100","100","100"
"513","PT-SMI","SUELA MICHAEL BINUMERO","37","EXPANSO","100","100","100"
"514","PT-SMI","SUELA MICHAEL BINUMERO","40","EXPANSO","100","100","100"
"515","PT-SMI","SUELA MICHAEL BINUMERO","3435","EXPANSO","100","100","100"
"516","PT-SMI","SUELA MICHAEL BINUMERO","3839","EXPANSO","100","100","100"
"517","PT-SOR","SUELA ORLANDO","37","EXPANSO","100","100","100"
"518","PT-SOR","SUELA ORLANDO","38","EXPANSO","100","100","100"
"519","PT-SOR","SUELA ORLANDO","39","EXPANSO","100","100","100"
"520","PT-SOR","SUELA ORLANDO","40","EXPANSO","100","100","100"
"521","PT-SOR","SUELA ORLANDO","41","EXPANSO","100","100","100"
"522","PT-SOR","SUELA ORLANDO","42","EXPANSO","100","100","100"
"523","PT-SOR","SUELA ORLANDO","43","EXPANSO","100","100","100"
"524","PT-SPR","SUELA PRADA CON VIRA","34","EXPANSO","100","100","100"
"525","PT-SPR","SUELA PRADA CON VIRA","35","EXPANSO","100","100","100"
"526","PT-SPR","SUELA PRADA CON VIRA","36","EXPANSO","100","100","100"
"527","PT-SPR","SUELA PRADA CON VIRA","37","EXPANSO","100","100","100"
"528","PT-SPR","SUELA PRADA CON VIRA","38","EXPANSO","100","100","100"
"529","PT-SPR","SUELA PRADA CON VIRA","39","EXPANSO","100","100","100"
"530","PT-SPR","SUELA PRADA CON VIRA","40","EXPANSO","100","100","100"
"531","PT-SPRS","SUELA PRADA SIN VIRA","34","EXPANSO","100","100","100"
"532","PT-SPRS","SUELA PRADA SIN VIRA","35","EXPANSO","100","100","100"
"533","PT-SPRS","SUELA PRADA SIN VIRA","36","EXPANSO","100","100","100"
"534","PT-SPRS","SUELA PRADA SIN VIRA","37","EXPANSO","100","100","100"
"535","PT-SPRS","SUELA PRADA SIN VIRA","38","EXPANSO","100","100","100"
"536","PT-SPRS","SUELA PRADA SIN VIRA","39","EXPANSO","100","100","100"
"537","PT-SPRS","SUELA PRADA SIN VIRA","40","EXPANSO","100","100","100"
"538","PT-SREN","SUELA RENATA SIN SILVATRIM","34","EXPANSO","100","100","100"
"539","PT-SREN","SUELA RENATA SIN SILVATRIM","35","EXPANSO","100","100","100"
"540","PT-SREN","SUELA RENATA SIN SILVATRIM","36","EXPANSO","100","100","100"
"541","PT-SREN","SUELA RENATA SIN SILVATRIM","37","EXPANSO","100","100","100"
"542","PT-SREN","SUELA RENATA SIN SILVATRIM","38","EXPANSO","100","100","100"
"543","PT-SREN","SUELA RENATA SIN SILVATRIM","39","EXPANSO","100","100","100"
"544","PT-SREN","SUELA RENATA SIN SILVATRIM","40","EXPANSO","100","100","100"
"545","PT-SRENSI","SUELA RENATA CON SILVATRIM","34","EXPANSO","100","100","100"
"546","PT-SRENSI","SUELA RENATA CON SILVATRIM","35","EXPANSO","100","100","100"
"547","PT-SRENSI","SUELA RENATA CON SILVATRIM","36","EXPANSO","100","100","100"
"548","PT-SRENSI","SUELA RENATA CON SILVATRIM","37","EXPANSO","100","100","100"
"549","PT-SRENSI","SUELA RENATA CON SILVATRIM","38","EXPANSO","100","100","100"
"550","PT-SRENSI","SUELA RENATA CON SILVATRIM","39","EXPANSO","100","100","100"
"551","PT-SRENSI","SUELA RENATA CON SILVATRIM","40","EXPANSO","100","100","100"
"552","PT-SRIP","SUELA RICHIE","34","EXPANSO","100","100","100"
"553","PT-SRIP","SUELA RICHIE","35","EXPANSO","100","100","100"
"554","PT-SRIP","SUELA RICHIE","36","EXPANSO","100","100","100"
"555","PT-SRIP","SUELA RICHIE","37","EXPANSO","100","100","100"
"556","PT-SRIP","SUELA RICHIE","38","EXPANSO","100","100","100"
"557","PT-SRIP","SUELA RICHIE","39","EXPANSO","100","100","100"
"558","PT-SRIP","SUELA RICHIE","40","EXPANSO","100","100","100"
"559","PT-SSCP","SUELA SCOLA PEQUEÑA","21","EXPANSO","100","100","100"
"560","PT-SSCP","SUELA SCOLA PEQUEÑA","22","EXPANSO","100","100","100"
"561","PT-SSCP","SUELA SCOLA PEQUEÑA","23","EXPANSO","100","100","100"
"562","PT-SSCP","SUELA SCOLA PEQUEÑA","24","EXPANSO","100","100","100"
"563","PT-SSCP","SUELA SCOLA PEQUEÑA","25","EXPANSO","100","100","100"
"564","PT-SSCP","SUELA SCOLA PEQUEÑA","26","EXPANSO","100","100","100"
"565","PT-SSCM","SUELA SCOLA MEDIANA","27","EXPANSO","100","100","100"
"566","PT-SSCM","SUELA SCOLA MEDIANA","28","EXPANSO","100","100","100"
"567","PT-SSCM","SUELA SCOLA MEDIANA","29","EXPANSO","100","100","100"
"568","PT-SSCM","SUELA SCOLA MEDIANA","30","EXPANSO","100","100","100"
"569","PT-SSCM","SUELA SCOLA MEDIANA","31","EXPANSO","100","100","100"
"570","PT-SSCM","SUELA SCOLA MEDIANA","32","EXPANSO","100","100","100"
"571","PT-SSCM","SUELA SCOLA MEDIANA","33","EXPANSO","100","100","100"
"572","PT-SSCJ","SUELA SCOLA JUVENIL","34","EXPANSO","100","100","100"
"573","PT-SSCJ","SUELA SCOLA JUVENIL","35","EXPANSO","100","100","100"
"574","PT-SSCJ","SUELA SCOLA JUVENIL","36","EXPANSO","100","100","100"
"575","PT-SSCH","SUELA SCOLA HOMBRE","37","EXPANSO","100","100","100"
"576","PT-SSCH","SUELA SCOLA HOMBRE","38","EXPANSO","100","100","100"
"577","PT-SSCH","SUELA SCOLA HOMBRE","39","EXPANSO","100","100","100"
"578","PT-SSCH","SUELA SCOLA HOMBRE","40","EXPANSO","100","100","100"
"579","PT-SSCH","SUELA SCOLA HOMBRE","41","EXPANSO","100","100","100"
"580","PT-SSCH","SUELA SCOLA HOMBRE","42","EXPANSO","100","100","100"
"581","PT-SSH","SUELA SHARONI","34","EXPANSO","100","100","100"
"582","PT-SSH","SUELA SHARONI","35","EXPANSO","100","100","100"
"583","PT-SSH","SUELA SHARONI","36","EXPANSO","100","100","100"
"584","PT-SSH","SUELA SHARONI","37","EXPANSO","100","100","100"
"585","PT-SSH","SUELA SHARONI","38","EXPANSO","100","100","100"
"586","PT-SSH","SUELA SHARONI","39","EXPANSO","100","100","100"
"587","PT-SSH","SUELA SHARONI","40","EXPANSO","100","100","100"
"588","PT-SSKN","SUELA SKACHER NIÑA","27","EXPANSO","100","100","100"
"589","PT-SSKN","SUELA SKACHER NIÑA","28","EXPANSO","100","100","100"
"590","PT-SSKN","SUELA SKACHER NIÑA","29","EXPANSO","100","100","100"
"591","PT-SSKN","SUELA SKACHER NIÑA","30","EXPANSO","100","100","100"
"592","PT-SSKN","SUELA SKACHER NIÑA","31","EXPANSO","100","100","100"
"593","PT-SSKN","SUELA SKACHER NIÑA","32","EXPANSO","100","100","100"
"594","PT-SSKN","SUELA SKACHER NIÑA","33","EXPANSO","100","100","100"
"595","PT-SSKD","SUELA SKACHER DAMA","34","EXPANSO","100","100","100"
"596","PT-SSKD","SUELA SKACHER DAMA","35","EXPANSO","100","100","100"
"597","PT-SSKD","SUELA SKACHER DAMA","36","EXPANSO","100","100","100"
"598","PT-SSKD","SUELA SKACHER DAMA","37","EXPANSO","100","100","100"
"599","PT-SSKD","SUELA SKACHER DAMA","38","EXPANSO","100","100","100"
"600","PT-SSKD","SUELA SKACHER DAMA","39","EXPANSO","100","100","100"
"601","PT-SSKD","SUELA SKACHER DAMA","40","EXPANSO","100","100","100"
"602","PT-SAPRS","SUELA SAN PRDA SIN VIRA","34","EXPANSO","100","100","100"
"603","PT-SAPRS","SUELA SAN PRDA SIN VIRA","35","EXPANSO","100","100","100"
"604","PT-SAPRS","SUELA SAN PRDA SIN VIRA","36","EXPANSO","100","100","100"
"605","PT-SAPRS","SUELA SAN PRDA SIN VIRA","37","EXPANSO","100","100","100"
"606","PT-SAPRS","SUELA SAN PRDA SIN VIRA","38","EXPANSO","100","100","100"
"607","PT-SAPRS","SUELA SAN PRDA SIN VIRA","39","EXPANSO","100","100","100"
"608","PT-SAPRS","SUELA SAN PRDA SIN VIRA","40","EXPANSO","100","100","100"
"609","PT-SAPRS","SUELA SAN PRDA SIN VIRA","41","EXPANSO","100","100","100"
"610","PT-SAPRS","SUELA SAN PRDA SIN VIRA","42","EXPANSO","100","100","100"
"611","PT-SAPR","SUELA SAN PRADA CON VIRA","34","EXPANSO","100","100","100"
"612","PT-SAPR","SUELA SAN PRADA CON VIRA","35","EXPANSO","100","100","100"
"613","PT-SAPR","SUELA SAN PRADA CON VIRA","36","EXPANSO","100","100","100"
"614","PT-SAPR","SUELA SAN PRADA CON VIRA","37","EXPANSO","100","100","100"
"615","PT-SAPR","SUELA SAN PRADA CON VIRA","38","EXPANSO","100","100","100"
"616","PT-SAPR","SUELA SAN PRADA CON VIRA","39","EXPANSO","100","100","100"
"617","PT-SAPR","SUELA SAN PRADA CON VIRA","40","EXPANSO","100","100","100"
"618","PT-SAPR","SUELA SAN PRADA CON VIRA","41","EXPANSO","100","100","100"
"619","PT-SAPR","SUELA SAN PRADA CON VIRA","42","EXPANSO","100","100","100"
"620","PT-SSWP","SUELA SWIFT PEQUEÑA","21","EXPANSO","100","100","100"
"621","PT-SSWP","SUELA SWIFT PEQUEÑA","22","EXPANSO","100","100","100"
"622","PT-SSWP","SUELA SWIFT PEQUEÑA","23","EXPANSO","100","100","100"
"623","PT-SSWP","SUELA SWIFT PEQUEÑA","24","EXPANSO","100","100","100"
"624","PT-SSWP","SUELA SWIFT PEQUEÑA","25","EXPANSO","100","100","100"
"625","PT-SSWP","SUELA SWIFT PEQUEÑA","26","EXPANSO","100","100","100"
"626","PT-SSWM","SUELA SWIFT MEDIANA","27","EXPANSO","100","100","100"
"627","PT-SSWM","SUELA SWIFT MEDIANA","28","EXPANSO","100","100","100"
"628","PT-SSWM","SUELA SWIFT MEDIANA","29","EXPANSO","100","100","100"
"629","PT-SSWM","SUELA SWIFT MEDIANA","30","EXPANSO","100","100","100"
"630","PT-SSWM","SUELA SWIFT MEDIANA","31","EXPANSO","100","100","100"
"631","PT-SSWM","SUELA SWIFT MEDIANA","32","EXPANSO","100","100","100"
"632","PT-SSWM","SUELA SWIFT MEDIANA","33","EXPANSO","100","100","100"
"633","PT-SSWJ","SUELA SWIFT JUVENIL","34","EXPANSO","100","100","100"
"634","PT-SSWJ","SUELA SWIFT JUVENIL","35","EXPANSO","100","100","100"
"635","PT-SSWJ","SUELA SWIFT JUVENIL","36","EXPANSO","100","100","100"
"636","PT-SSWH","SUELA SWIFT HOMBRE","37","EXPANSO","100","100","100"
"637","PT-SSWH","SUELA SWIFT HOMBRE","38","EXPANSO","100","100","100"
"638","PT-SSWH","SUELA SWIFT HOMBRE","39","EXPANSO","100","100","100"
"639","PT-SSWH","SUELA SWIFT HOMBRE","40","EXPANSO","100","100","100"
"640","PT-SSWH","SUELA SWIFT HOMBRE","41","EXPANSO","100","100","100"
"641","PT-SSWH","SUELA SWIFT HOMBRE","42","EXPANSO","100","100","100"
"642","PT-STE","SUELA TETRA","34","EXPANSO","100","100","100"
"643","PT-STE","SUELA TETRA","35","EXPANSO","100","100","100"
"644","PT-STE","SUELA TETRA","36","EXPANSO","100","100","100"
"645","PT-STE","SUELA TETRA","37","EXPANSO","100","100","100"
"646","PT-STE","SUELA TETRA","38","EXPANSO","100","100","100"
"647","PT-STE","SUELA TETRA","39","EXPANSO","100","100","100"
"648","PT-STE","SUELA TETRA","40","EXPANSO","100","100","100"
"649","PT-SBA","SUELA BALENCIAGA","34","EXPANSO","100","100","100"
"650","PT-SBA","SUELA BALENCIAGA","35","EXPANSO","100","100","100"
"651","PT-SBA","SUELA BALENCIAGA","36","EXPANSO","100","100","100"
"652","PT-SBA","SUELA BALENCIAGA","37","EXPANSO","100","100","100"
"653","PT-SBA","SUELA BALENCIAGA","38","EXPANSO","100","100","100"
"654","PT-SBA","SUELA BALENCIAGA","39","EXPANSO","100","100","100"
"655","PT-SBA","SUELA BALENCIAGA","40","EXPANSO","100","100","100"
"656","PT-STEX","SUELA TEXI CON VIRA","34","EXPANSO","100","100","100"
"657","PT-STEX","SUELA TEXI CON VIRA","35","EXPANSO","100","100","100"
"658","PT-STEX","SUELA TEXI CON VIRA","36","EXPANSO","100","100","100"
"659","PT-STEX","SUELA TEXI CON VIRA","37","EXPANSO","100","100","100"
"660","PT-STEX","SUELA TEXI CON VIRA","38","EXPANSO","100","100","100"
"661","PT-STEX","SUELA TEXI CON VIRA","39","EXPANSO","100","100","100"
"662","PT-STEX","SUELA TEXI CON VIRA","40","EXPANSO","100","100","100"
"663","PT-STESV","SUELA TEXI SIN VIRA","34","EXPANSO","100","100","100"
"664","PT-STESV","SUELA TEXI SIN VIRA","35","EXPANSO","100","100","100"
"665","PT-STESV","SUELA TEXI SIN VIRA","36","EXPANSO","100","100","100"
"666","PT-STESV","SUELA TEXI SIN VIRA","37","EXPANSO","100","100","100"
"667","PT-STESV","SUELA TEXI SIN VIRA","38","EXPANSO","100","100","100"
"668","PT-STESV","SUELA TEXI SIN VIRA","39","EXPANSO","100","100","100"
"669","PT-STESV","SUELA TEXI SIN VIRA","40","EXPANSO","100","100","100"
"670","PT-SZA","SUELA ZARA","34","EXPANSO","100","100","100"
"671","PT-SZA","SUELA ZARA","35","EXPANSO","100","100","100"
"672","PT-SZA","SUELA ZARA","36","EXPANSO","100","100","100"
"673","PT-SZA","SUELA ZARA","37","EXPANSO","100","100","100"
"674","PT-SZA","SUELA ZARA","38","EXPANSO","100","100","100"
"675","PT-SZA","SUELA ZARA","39","EXPANSO","100","100","100"
"676","PT-SZA","SUELA ZARA","40","EXPANSO","100","100","100"
"677","PT-SCOR","SUELA CORONA","34","EXPANSO","100","100","100"
"678","PT-SCOR","SUELA CORONA","35","EXPANSO","100","100","100"
"679","PT-SCOR","SUELA CORONA","36","EXPANSO","100","100","100"
"680","PT-SCOR","SUELA CORONA","37","EXPANSO","100","100","100"
"681","PT-SCOR","SUELA CORONA","38","EXPANSO","100","100","100"
"682","PT-SCOR","SUELA CORONA","39","EXPANSO","100","100","100"
"683","PT-SCOR","SUELA CORONA","40","EXPANSO","100","100","100"
"684","PT-STIM","SUELA TIGER MEDIANA","27","EXPANSO","100","100","100"
"685","PT-STIM","SUELA TIGER MEDIANA","28","EXPANSO","100","100","100"
"686","PT-STIM","SUELA TIGER MEDIANA","29","EXPANSO","100","100","100"
"687","PT-STIM","SUELA TIGER MEDIANA","30","EXPANSO","100","100","100"
"688","PT-STIM","SUELA TIGER MEDIANA","31","EXPANSO","100","100","100"
"689","PT-STIM","SUELA TIGER MEDIANA","32","EXPANSO","100","100","100"
"690","PT-STIM","SUELA TIGER MEDIANA","33","EXPANSO","100","100","100"
"691","PT-STIG","SUELA TIGER GRANDE","34","EXPANSO","100","100","100"
"692","PT-STIG","SUELA TIGER GRANDE","35","EXPANSO","100","100","100"
"693","PT-STIG","SUELA TIGER GRANDE","36","EXPANSO","100","100","100"
"694","PT-STIG","SUELA TIGER GRANDE","37","EXPANSO","100","100","100"
"695","PT-STIG","SUELA TIGER GRANDE","38","EXPANSO","100","100","100"
"696","PT-STIG","SUELA TIGER GRANDE","39","EXPANSO","100","100","100"
"697","PT-STIG","SUELA TIGER GRANDE","40","EXPANSO","100","100","100"
"698","PT-SMO","SUELA MONACO","34","EXPANSO","100","100","100"
"699","PT-SMO","SUELA MONACO","35","EXPANSO","100","100","100"
"700","PT-SMO","SUELA MONACO","36","EXPANSO","100","100","100"
"701","PT-SMO","SUELA MONACO","37","EXPANSO","100","100","100"
"702","PT-SMO","SUELA MONACO","38","EXPANSO","100","100","100"
"703","PT-SMO","SUELA MONACO","39","EXPANSO","100","100","100"
"704","PT-SMO","SUELA MONACO","40","EXPANSO","100","100","100"
"705","PT-STR","SUELA TRUMP","33","EXPANSO","100","100","100"
"706","PT-STR","SUELA TRUMP","34","EXPANSO","100","100","100"
"707","PT-STR","SUELA TRUMP","35","EXPANSO","100","100","100"
"708","PT-STR","SUELA TRUMP","36","EXPANSO","100","100","100"
"709","PT-STR","SUELA TRUMP","37","EXPANSO","100","100","100"
"710","PT-STR","SUELA TRUMP","38","EXPANSO","100","100","100"
"711","PT-STR","SUELA TRUMP","39","EXPANSO","100","100","100"
"712","PT-STR","SUELA TRUMP","40","EXPANSO","100","100","100"
"713","PT-SAN","SUELA ANTONELLA","34","EXPANSO","100","100","100"
"714","PT-SAN","SUELA ANTONELLA","35","EXPANSO","100","100","100"
"715","PT-SAN","SUELA ANTONELLA","36","EXPANSO","100","100","100"
"716","PT-SAN","SUELA ANTONELLA","37","EXPANSO","100","100","100"
"717","PT-SAN","SUELA ANTONELLA","38","EXPANSO","100","100","100"
"718","PT-SAN","SUELA ANTONELLA","39","EXPANSO","100","100","100"
"719","PT-SAN","SUELA ANTONELLA","40","EXPANSO","100","100","100"
"720","PT-SELM","SUELA ELITE MEDIANA","27","EXPANSO","100","100","100"
"721","PT-SELM","SUELA ELITE MEDIANA","28","EXPANSO","100","100","100"
"722","PT-SELM","SUELA ELITE MEDIANA","29","EXPANSO","100","100","100"
"723","PT-SELM","SUELA ELITE MEDIANA","30","EXPANSO","100","100","100"
"724","PT-SELM","SUELA ELITE MEDIANA","31","EXPANSO","100","100","100"
"725","PT-SELM","SUELA ELITE MEDIANA","32","EXPANSO","100","100","100"
"726","PT-SELM","SUELA ELITE MEDIANA","33","EXPANSO","100","100","100"
"727","PT-SELG","SUELA ELITE GRANDE","34","EXPANSO","100","100","100"
"728","PT-SELG","SUELA ELITE GRANDE","35","EXPANSO","100","100","100"
"729","PT-SELG","SUELA ELITE GRANDE","36","EXPANSO","100","100","100"
"730","PT-SELG","SUELA ELITE GRANDE","37","EXPANSO","100","100","100"
"731","PT-SELG","SUELA ELITE GRANDE","38","EXPANSO","100","100","100"
"732","PT-SELG","SUELA ELITE GRANDE","39","EXPANSO","100","100","100"
"733","PT-SELG","SUELA ELITE GRANDE","40","EXPANSO","100","100","100"
"734","PT-SELG","SUELA ELITE GRANDE","41","EXPANSO","100","100","100"
"735","PT-SELG","SUELA ELITE GRANDE","42","EXPANSO","100","100","100"
"736","PT-SKG","SUELA KAROL G","34","EXPANSO","100","100","100"
"737","PT-SKG","SUELA KAROL G","35","EXPANSO","100","100","100"
"738","PT-SKG","SUELA KAROL G","36","EXPANSO","100","100","100"
"739","PT-SKG","SUELA KAROL G","37","EXPANSO","100","100","100"
"740","PT-SKG","SUELA KAROL G","38","EXPANSO","100","100","100"
"741","PT-SKG","SUELA KAROL G","39","EXPANSO","100","100","100"
"742","PT-SKG","SUELA KAROL G","40","EXPANSO","100","100","100"
"743","PT-SVAM","SUELA VANNE MEDIANA","27","EXPANSO","100","100","100"
"744","PT-SVAM","SUELA VANNE MEDIANA","28","EXPANSO","100","100","100"
"745","PT-SVAM","SUELA VANNE MEDIANA","29","EXPANSO","100","100","100"
"746","PT-SVAM","SUELA VANNE MEDIANA","30","EXPANSO","100","100","100"
"747","PT-SVAM","SUELA VANNE MEDIANA","31","EXPANSO","100","100","100"
"748","PT-SVAM","SUELA VANNE MEDIANA","32","EXPANSO","100","100","100"
"749","PT-SVAM","SUELA VANNE MEDIANA","33","EXPANSO","100","100","100"
"750","PT-SVAG","SUELA VANNE GRANDE","34","EXPANSO","100","100","100"
"751","PT-SVAG","SUELA VANNE GRANDE","35","EXPANSO","100","100","100"
"752","PT-SVAG","SUELA VANNE GRANDE","36","EXPANSO","100","100","100"
"753","PT-SVAG","SUELA VANNE GRANDE","37","EXPANSO","100","100","100"
"754","PT-SVAG","SUELA VANNE GRANDE","38","EXPANSO","100","100","100"
"755","PT-SVAG","SUELA VANNE GRANDE","39","EXPANSO","100","100","100"
"756","PT-SVAG","SUELA VANNE GRANDE","40","EXPANSO","100","100","100"
"757","PT-SVAG","SUELA VANNE GRANDE","41","EXPANSO","100","100","100"
"758","PT-SVAG","SUELA VANNE GRANDE","42","EXPANSO","100","100","100"
"759","PT-SLIPU","SUELA LISS","34","EXPANSO","100","100","100"
"760","PT-SLIPU","SUELA LISS","35","EXPANSO","100","100","100"
"761","PT-SLIPU","SUELA LISS","36","EXPANSO","100","100","100"
"762","PT-SLIPU","SUELA LISS","37","EXPANSO","100","100","100"
"763","PT-SLIPU","SUELA LISS","38","EXPANSO","100","100","100"
"764","PT-SLIPU","SUELA LISS","39","EXPANSO","100","100","100"
"765","PT-SLIPU","SUELA LISS","40","EXPANSO","100","100","100"
"766","PT-SNIPU","SUELA NICOLLE","34","EXPANSO","100","100","100"
"767","PT-SNIPU","SUELA NICOLLE","35","EXPANSO","100","100","100"
"768","PT-SNIPU","SUELA NICOLLE","36","EXPANSO","100","100","100"
"769","PT-SNIPU","SUELA NICOLLE","37","EXPANSO","100","100","100"
"770","PT-SNIPU","SUELA NICOLLE","38","EXPANSO","100","100","100"
"771","PT-SNIPU","SUELA NICOLLE","39","EXPANSO","100","100","100"
"772","PT-SNIPU","SUELA NICOLLE","40","EXPANSO","100","100","100"
"773","PT-SPBFPU","PLANTILLA BEIRA FORRADA","34","EXPANSO","100","100","100"
"774","PT-SPBFPU","PLANTILLA BEIRA FORRADA","35","EXPANSO","100","100","100"
"775","PT-SPBFPU","PLANTILLA BEIRA FORRADA","36","EXPANSO","100","100","100"
"776","PT-SPBFPU","PLANTILLA BEIRA FORRADA","37","EXPANSO","100","100","100"
"777","PT-SPBFPU","PLANTILLA BEIRA FORRADA","38","EXPANSO","100","100","100"
"778","PT-SPBFPU","PLANTILLA BEIRA FORRADA","39","EXPANSO","100","100","100"
"779","PT-SPBFPU","PLANTILLA BEIRA FORRADA","40","EXPANSO","100","100","100"
"780","PT-SLAPU","SUELA LAURA","34","EXPANSO","100","100","100"
"781","PT-SLAPU","SUELA LAURA","35","EXPANSO","100","100","100"
"782","PT-SLAPU","SUELA LAURA","36","EXPANSO","100","100","100"
"783","PT-SLAPU","SUELA LAURA","37","EXPANSO","100","100","100"
"784","PT-SLAPU","SUELA LAURA","38","EXPANSO","100","100","100"
"785","PT-SLAPU","SUELA LAURA","39","EXPANSO","100","100","100"
"786","PT-SLAPU","SUELA LAURA","40","EXPANSO","100","100","100"
"787","PT-SKEPU","SUELA KELLY","34","EXPANSO","100","100","100"
"788","PT-SKEPU","SUELA KELLY","35","EXPANSO","100","100","100"
"789","PT-SKEPU","SUELA KELLY","36","EXPANSO","100","100","100"
"790","PT-SKEPU","SUELA KELLY","37","EXPANSO","100","100","100"
"791","PT-SKEPU","SUELA KELLY","38","EXPANSO","100","100","100"
"792","PT-SKEPU","SUELA KELLY","39","EXPANSO","100","100","100"
"793","PT-SKEPU","SUELA KELLY","40","EXPANSO","100","100","100"
"794","PT-PEKIN","SUELA PEKIN","34","EXPANSO","100","100","100"
"795","PT-PEKIN","SUELA PEKIN","35","EXPANSO","100","100","100"
"796","PT-PEKIN","SUELA PEKIN","36","EXPANSO","100","100","100"
"797","PT-PEKIN","SUELA PEKIN","37","EXPANSO","100","100","100"
"798","PT-PEKIN","SUELA PEKIN","38","EXPANSO","100","100","100"
"799","PT-PEKIN","SUELA PEKIN","39","EXPANSO","100","100","100"
"800","PT-PEKIN","SUELA PEKIN","40","EXPANSO","100","100","100"
"801","PT-SREPP","SUELA REEBOK PINCESA PEQUE�A","21","EXPANSO","100","100","100"
"802","PT-SREPP","SUELA REEBOK PINCESA PEQUE�A","22","EXPANSO","100","100","100"
"803","PT-SREPP","SUELA REEBOK PINCESA PEQUE�A","23","EXPANSO","100","100","100"
"804","PT-SREPP","SUELA REEBOK PINCESA PEQUE�A","24","EXPANSO","100","100","100"
"805","PT-SREPP","SUELA REEBOK PINCESA PEQUE�A","25","EXPANSO","100","100","100"
"806","PT-SREPP","SUELA REEBOK PINCESA PEQUE�A","26","EXPANSO","100","100","100"
"807","PT-SREPM","SUELA REEBOK PRINCESA MEDIANA","27","EXPANSO","100","100","100"
"808","PT-SREPM","SUELA REEBOK PRINCESA MEDIANA","28","EXPANSO","100","100","100"
"809","PT-SREPM","SUELA REEBOK PRINCESA MEDIANA","29","EXPANSO","100","100","100"
"810","PT-SREPM","SUELA REEBOK PRINCESA MEDIANA","30","EXPANSO","100","100","100"
"811","PT-SREPM","SUELA REEBOK PRINCESA MEDIANA","31","EXPANSO","100","100","100"
"812","PT-SREPM","SUELA REEBOK PRINCESA MEDIANA","32","EXPANSO","100","100","100"
"813","PT-SREPM","SUELA REEBOK PRINCESA MEDIANA","33","EXPANSO","100","100","100"
"814","PT-SREPG","SUELA REEBOK PRINCESA GRANDE","34","EXPANSO","100","100","100"
"815","PT-SREPG","SUELA REEBOK PRINCESA GRANDE","35","EXPANSO","100","100","100"
"816","PT-SREPG","SUELA REEBOK PRINCESA GRANDE","36","EXPANSO","100","100","100"
"817","PT-SREPG","SUELA REEBOK PRINCESA GRANDE","37","EXPANSO","100","100","100"
"818","PT-SREPG","SUELA REEBOK PRINCESA GRANDE","38","EXPANSO","100","100","100"
"819","PT-SREPG","SUELA REEBOK PRINCESA GRANDE","39","EXPANSO","100","100","100"
"820","PT-SREPG","SUELA REEBOK PRINCESA GRANDE","40","EXPANSO","100","100","100"
"821","PT-SRPP","SUELA REEBOK PEQ PVC","21","EXPANSO","100","100","100"
"822","PT-SRPP","SUELA REEBOK PEQ PVC","22","EXPANSO","100","100","100"
"823","PT-SRPP","SUELA REEBOK PEQ PVC","23","EXPANSO","100","100","100"
"824","PT-SRPP","SUELA REEBOK PEQ PVC","24","EXPANSO","100","100","100"
"825","PT-SRPP","SUELA REEBOK PEQ PVC","25","EXPANSO","100","100","100"
"826","PT-SRPP","SUELA REEBOK PEQ PVC","26","EXPANSO","100","100","100"
"827","PT-SRPM","SUELA REEBOK MED PVC","27","EXPANSO","100","100","100"
"828","PT-SRPM","SUELA REEBOK MED PVC","28","EXPANSO","100","100","100"
"829","PT-SRPM","SUELA REEBOK MED PVC","29","EXPANSO","100","100","100"
"830","PT-SRPM","SUELA REEBOK MED PVC","30","EXPANSO","100","100","100"
"831","PT-SRPM","SUELA REEBOK MED PVC","31","EXPANSO","100","100","100"
"832","PT-SRPM","SUELA REEBOK MED PVC","32","EXPANSO","100","100","100"
"833","PT-SRPM","SUELA REEBOK MED PVC","33","EXPANSO","100","100","100"
"834","PT-SRPM","SUELA REEBOK MED PVC","34","EXPANSO","100","100","100"
"835","PT-SRPG","SUELA REEBOK GRAN PVC","34","EXPANSO","100","100","100"
"836","PT-SRPG","SUELA REEBOK GRAN PVC","35","EXPANSO","100","100","100"
"837","PT-SRPG","SUELA REEBOK GRAN PVC","36","EXPANSO","100","100","100"
"838","PT-SRPG","SUELA REEBOK GRAN PVC","37","EXPANSO","100","100","100"
"839","PT-SRPG","SUELA REEBOK GRAN PVC","38","EXPANSO","100","100","100"
"840","PT-SRPG","SUELA REEBOK GRAN PVC","39","EXPANSO","100","100","100"
"841","PT-SRPG","SUELA REEBOK GRAN PVC","40","EXPANSO","100","100","100"
"842","PT-SVAP","SUELA VANNE PEQUEÑA","21","EXPANSO","100","100","100"
"843","PT-SVAP","SUELA VANNE PEQUEÑA","22","EXPANSO","100","100","100"
"844","PT-SVAP","SUELA VANNE PEQUEÑA","23","EXPANSO","100","100","100"
"845","PT-SVAP","SUELA VANNE PEQUEÑA","24","EXPANSO","100","100","100"
"846","PT-SVAP","SUELA VANNE PEQUEÑA","25","EXPANSO","100","100","100"
"847","PT-SVAP","SUELA VANNE PEQUEÑA","26","EXPANSO","100","100","100"
"848","PT-SVAP","SUELA VANNE PEQUEÑA","27","EXPANSO","100","100","100"
"849","PT-BELLA","SUELA BELLA","34","EXPANSO","100","100","100"
"850","PT-BELLA","SUELA BELLA","35","EXPANSO","100","100","100"
"851","PT-BELLA","SUELA BELLA","36","EXPANSO","100","100","100"
"852","PT-BELLA","SUELA BELLA","37","EXPANSO","100","100","100"
"853","PT-BELLA","SUELA BELLA","38","EXPANSO","100","100","100"
"854","PT-BELLA","SUELA BELLA","39","EXPANSO","100","100","100"
"855","PT-BELLA","SUELA BELLA","40","EXPANSO","100","100","100"
"856","PT-SYENY","SUELA YENY","34","EXPANSO","100","100","100"
"857","PT-SYENY","SUELA YENY","35","EXPANSO","100","100","100"
"858","PT-SYENY","SUELA YENY","36","EXPANSO","100","100","100"
"859","PT-SYENY","SUELA YENY","37","EXPANSO","100","100","100"
"860","PT-SYENY","SUELA YENY","38","EXPANSO","100","100","100"
"861","PT-SYENY","SUELA YENY","39","EXPANSO","100","100","100"
"862","PT-SYENY","SUELA YENY","40","EXPANSO","100","100","100"
"863","PT-ASBEL","APLIQUE BELLA","0","PVC","100","100","100"
"864","PT-TMASO","TAPETE MASOF","0","PVC","100","100","100"
"865","PT-TSACH","TAPETE SACHA","0","PVC","100","100","100"
"866","PT-SNAYU","SUELA NAYU MEDIANA","27","EXPANSO","100","100","100"
"867","PT-SNAYU","SUELA NAYU MEDIANA","28","EXPANSO","100","100","100"
"868","PT-SNAYU","SUELA NAYU MEDIANA","29","EXPANSO","100","100","100"
"869","PT-SNAYU","SUELA NAYU MEDIANA","30","EXPANSO","100","100","100"
"870","PT-SNAYU","SUELA NAYU MEDIANA","31","EXPANSO","100","100","100"
"871","PT-SNAYU","SUELA NAYU MEDIANA","32","EXPANSO","100","100","100"
"872","PT-SNAYU","SUELA NAYU MEDIANA","33","EXPANSO","100","100","100"
"873","PT-DMAR","SUELA DANA MARIA","34","EXPANSO","100","100","100"
"874","PT-DMAR","SUELA DANA MARIA","35","EXPANSO","100","100","100"
"875","PT-DMAR","SUELA DANA MARIA","36","EXPANSO","100","100","100"
"876","PT-DMAR","SUELA DANA MARIA","37","EXPANSO","100","100","100"
"877","PT-DMAR","SUELA DANA MARIA","38","EXPANSO","100","100","100"
"878","PT-DMAR","SUELA DANA MARIA","39","EXPANSO","100","100","100"
"879","PT-DMAR","SUELA DANA MARIA","40","EXPANSO","100","100","100"
"880","PT-TMAR","TAPETE MARKERS","0","PVC","100","100","100"
"881","PT-KIKY","SUELA KIKYS","27","EXPANSO","100","100","100"
"882","PT-KIKY","SUELA KIKYS","28","EXPANSO","100","100","100"
"883","PT-KIKY","SUELA KIKYS","29","EXPANSO","100","100","100"
"884","PT-KIKY","SUELA KIKYS","30","EXPANSO","100","100","100"
"885","PT-KIKY","SUELA KIKYS","31","EXPANSO","100","100","100"
"886","PT-KIKY","SUELA KIKYS","32","EXPANSO","100","100","100"
"887","PT-KIKY","SUELA KIKYS","33","EXPANSO","100","100","100"
"888","PT-SCOM","SUELA COLEGIAL MED","27","PVC","100","100","100"
"889","PT-SCOM","SUELA COLEGIAL MED","28","PVC","100","100","100"
"890","PT-SCOM","SUELA COLEGIAL MED","29","PVC","100","100","100"
"891","PT-SCOM","SUELA COLEGIAL MED","30","PVC","100","100","100"
"892","PT-SCOM","SUELA COLEGIAL MED","31","PVC","100","100","100"
"893","PT-SCOM","SUELA COLEGIAL MED","32","PVC","100","100","100"
"894","PT-SCOM","SUELA COLEGIAL MED","33","PVC","100","100","100"
"895","PT-TJHOD","TAPETE JHON D","0","PVC","100","100","100"
"896","PT-SFEN","SUELA FENDY","37","EXPANSO","100","100","100"
"897","PT-SFEN","SUELA FENDY","38","EXPANSO","100","100","100"
"898","PT-SFEN","SUELA FENDY","39","EXPANSO","100","100","100"
"899","PT-SFEN","SUELA FENDY","40","EXPANSO","100","100","100"
"900","PT-SFEN","SUELA FENDY","41","EXPANSO","100","100","100"
"901","PT-SFEN","SUELA FENDY","42","EXPANSO","100","100","100"
"902","PT-SEMMA","SUELA EMMA GRANDE","34","EXPANSO","100","100","100"
"903","PT-SEMMA","SUELA EMMA GRANDE","35","EXPANSO","100","100","100"
"904","PT-SEMMA","SUELA EMMA GRANDE","36","EXPANSO","100","100","100"
"905","PT-SEMMA","SUELA EMMA GRANDE","37","EXPANSO","100","100","100"
"906","PT-SEMMA","SUELA EMMA GRANDE","38","EXPANSO","100","100","100"
"907","PT-SEMMA","SUELA EMMA GRANDE","39","EXPANSO","100","100","100"
"908","PT-SEMMA","SUELA EMMA GRANDE","40","EXPANSO","100","100","100"
"909","PT-TAQUI","TAQUITOS","0","PVC","100","100","100"
"910","PT-SNAYUG","SUELA NAYU GRANDE","34","EXPANSO","100","100","100"
"911","PT-SNAYUG","SUELA NAYU GRANDE","35","EXPANSO","100","100","100"
"912","PT-SNAYUG","SUELA NAYU GRANDE","36","EXPANSO","100","100","100"
"913","PT-SNAYUG","SUELA NAYU GRANDE","37","EXPANSO","100","100","100"
"914","PT-SNAYUG","SUELA NAYU GRANDE","38","EXPANSO","100","100","100"
"915","PT-SNAYUG","SUELA NAYU GRANDE","39","EXPANSO","100","100","100"
"916","PT-SNAYUG","SUELA NAYU GRANDE","40","EXPANSO","100","100","100"
"917","PT-SUEMA52","SUELIN MAOLI 5/2","34","EXPANSO","100","100","100"
"918","PT-SUEMA52","SUELIN MAOLI 5/2","35","EXPANSO","100","100","100"
"919","PT-SUEMA52","SUELIN MAOLI 5/2","36","EXPANSO","100","100","100"
"920","PT-SUEMA52","SUELIN MAOLI 5/2","37","EXPANSO","100","100","100"
"921","PT-SUEMA52","SUELIN MAOLI 5/2","38","EXPANSO","100","100","100"
"922","PT-SUEMA52","SUELIN MAOLI 5/2","39","EXPANSO","100","100","100"
"923","PT-SUEMA52","SUELIN MAOLI 5/2","40","EXPANSO","100","100","100"
"924","PT-SPUC","SUELA PUCA GRANDE","34","EXPANSO","100","100","100"
"925","PT-SPUC","SUELA PUCA GRANDE","35","EXPANSO","100","100","100"
"926","PT-SPUC","SUELA PUCA GRANDE","36","EXPANSO","100","100","100"
"927","PT-SPUC","SUELA PUCA GRANDE","37","EXPANSO","100","100","100"
"928","PT-SPUC","SUELA PUCA GRANDE","38","EXPANSO","100","100","100"
"929","PT-SPUC","SUELA PUCA GRANDE","39","EXPANSO","100","100","100"
"930","PT-SPUC","SUELA PUCA GRANDE","40","EXPANSO","100","100","100"
"931","PT-SPUC","SUELA PUCA GRANDE","41","EXPANSO","100","100","100"
"932","PT-SPUC","SUELA PUCA GRANDE","42","EXPANSO","100","100","100"
"933","PT-SNAEX","SUELA NAYUEX","34","EXPANSO","100","100","100"
"934","PT-SNAEX","SUELA NAYUEX","35","EXPANSO","100","100","100"
"935","PT-SNAEX","SUELA NAYUEX","36","EXPANSO","100","100","100"
"936","PT-SNAEX","SUELA NAYUEX","37","EXPANSO","100","100","100"
"937","PT-SNAEX","SUELA NAYUEX","38","EXPANSO","100","100","100"
"938","PT-SNAEX","SUELA NAYUEX","39","EXPANSO","100","100","100"
"939","PT-SNAEX","SUELA NAYUEX","40","EXPANSO","100","100","100"
"940","PT-TUBJD","TUBULAR JHON D","34","PVC","100","100","100"
"941","PT-TUBJD","TUBULAR JHON D","35","PVC","100","100","100"
"942","PT-TUBJD","TUBULAR JHON D","36","PVC","100","100","100"
"943","PT-TUBJD","TUBULAR JHON D","37","PVC","100","100","100"
"944","PT-TUBJD","TUBULAR JHON D","38","PVC","100","100","100"
"945","PT-TUBJD","TUBULAR JHON D","39","PVC","100","100","100"
"946","PT-TUBJD","TUBULAR JHON D","40","PVC","100","100","100"
"947","PT-SSALM","SUELA SALOME GRAND","34","EXPANSO","100","100","100"
"948","PT-SSALM","SUELA SALOME GRAND","35","EXPANSO","100","100","100"
"949","PT-SSALM","SUELA SALOME GRAND","36","EXPANSO","100","100","100"
"950","PT-SSALM","SUELA SALOME GRAND","37","EXPANSO","100","100","100"
"951","PT-SSALM","SUELA SALOME GRAND","38","EXPANSO","100","100","100"
"952","PT-SSALM","SUELA SALOME GRAND","39","EXPANSO","100","100","100"
"953","PT-SSALM","SUELA SALOME GRAND","40","EXPANSO","100","100","100"
"954","PT-TFLOM","TAPETE FLOWER MEDIANO","0","PVC","100","100","100"
"955","PT-SCRIS","SUELA CRISTAL","34","PVC","100","100","100"
"956","PT-SCRIS","SUELA CRISTAL","35","PVC","100","100","100"
"957","PT-SCRIS","SUELA CRISTAL","36","PVC","100","100","100"
"958","PT-SCRIS","SUELA CRISTAL","37","PVC","100","100","100"
"959","PT-SCRIS","SUELA CRISTAL","38","PVC","100","100","100"
"960","PT-SCRIS","SUELA CRISTAL","39","PVC","100","100","100"
"961","PT-SCRIS","SUELA CRISTAL","40","PVC","100","100","100"
"962","PT-SKOAJ","SUELA KOAJ GRANDE","37","EXPANSO","100","100","100"
"963","PT-SKOAJ","SUELA KOAJ GRANDE","38","EXPANSO","100","100","100"
"964","PT-SKOAJ","SUELA KOAJ GRANDE","39","EXPANSO","100","100","100"
"965","PT-SKOAJ","SUELA KOAJ GRANDE","40","EXPANSO","100","100","100"
"966","PT-SKOAJ","SUELA KOAJ GRANDE","41","EXPANSO","100","100","100"
"967","PT-SKOAJ","SUELA KOAJ GRANDE","42","EXPANSO","100","100","100"
"968","PT-SSTEV","SUELA STEVEN","34","EXPANSO","100","100","100"
"969","PT-SSTEV","SUELA STEVEN","35","EXPANSO","100","100","100"
"970","PT-SSTEV","SUELA STEVEN","36","EXPANSO","100","100","100"
"971","PT-SSTEV","SUELA STEVEN","37","EXPANSO","100","100","100"
"972","PT-SSTEV","SUELA STEVEN","38","EXPANSO","100","100","100"
"973","PT-SSTEV","SUELA STEVEN","39","EXPANSO","100","100","100"
"974","PT-SSTEV","SUELA STEVEN","40","EXPANSO","100","100","100"
"975","PT-SSNEAK","SUELA SNEAKERS","37","EXPANSO","100","100","100"
"976","PT-SSNEAK","SUELA SNEAKERS","38","EXPANSO","100","100","100"
"977","PT-SSNEAK","SUELA SNEAKERS","39","EXPANSO","100","100","100"
"978","PT-SSNEAK","SUELA SNEAKERS","40","EXPANSO","100","100","100"
"979","PT-SSNEAK","SUELA SNEAKERS","41","EXPANSO","100","100","100"
"980","PT-SSNEAK","SUELA SNEAKERS","42","EXPANSO","100","100","100"
"981","PT-SVERG","SUELA VERSAGE GRANDE","34","EXPANSO","100","100","100"
"982","PT-SVERG","SUELA VERSAGE GRANDE","35","EXPANSO","100","100","100"
"983","PT-SVERG","SUELA VERSAGE GRANDE","36","EXPANSO","100","100","100"
"984","PT-SVERG","SUELA VERSAGE GRANDE","37","EXPANSO","100","100","100"
"985","PT-SVERG","SUELA VERSAGE GRANDE","38","EXPANSO","100","100","100"
"986","PT-SVERG","SUELA VERSAGE GRANDE","39","EXPANSO","100","100","100"
"987","PT-SVERG","SUELA VERSAGE GRANDE","40","EXPANSO","100","100","100"
"988","PT-SLITE","SUELA LITE GRANDE","34","EXPANSO","100","100","100"
"989","PT-SLITE","SUELA LITE GRANDE","35","EXPANSO","100","100","100"
"990","PT-SLITE","SUELA LITE GRANDE","36","EXPANSO","100","100","100"
"991","PT-SLITE","SUELA LITE GRANDE","37","EXPANSO","100","100","100"
"992","PT-SLITE","SUELA LITE GRANDE","38","EXPANSO","100","100","100"
"993","PT-SLITE","SUELA LITE GRANDE","39","EXPANSO","100","100","100"
"994","PT-SLITE","SUELA LITE GRANDE","40","EXPANSO","100","100","100"
"995","PT-SPUMD","SUELA PUMA DAMA","34","EXPANSO","100","100","100"
"996","PT-SPUMD","SUELA PUMA DAMA","35","EXPANSO","100","100","100"
"997","PT-SPUMD","SUELA PUMA DAMA","36","EXPANSO","100","100","100"
"998","PT-SPUMD","SUELA PUMA DAMA","37","EXPANSO","100","100","100"
"999","PT-SPUMD","SUELA PUMA DAMA","38","EXPANSO","100","100","100"
"1000","PT-SPUMD","SUELA PUMA DAMA","39","EXPANSO","100","100","100"
"1001","PT-SPUMD","SUELA PUMA DAMA","40","EXPANSO","100","100","100"
"1002","PT-SHUNG","SUELA HUNGRYE GRANDE","36","EXPANSO","100","100","100"
"1003","PT-SCHUNK","SUELA CHUNKY","35","EXPANSO","100","100","100"
"1004","PT-SCHUNK","SUELA CHUNKY","36","EXPANSO","100","100","100"
"1005","PT-SCHUNK","SUELA CHUNKY","37","EXPANSO","100","100","100"
"1006","PT-SCHUNK","SUELA CHUNKY","38","EXPANSO","100","100","100"
"1007","PT-SCHUNK","SUELA CHUNKY","39","EXPANSO","100","100","100"
"1008","PT-SCHUNK","SUELA CHUNKY","40","EXPANSO","100","100","100"
"1009","PT-SSPED","SUELA SPEED","34","EXPANSO","100","100","100"
"1010","PT-SSPED","SUELA SPEED","35","EXPANSO","100","100","100"
"1011","PT-SSPED","SUELA SPEED","36","EXPANSO","100","100","100"
"1012","PT-SSPED","SUELA SPEED","37","EXPANSO","100","100","100"
"1013","PT-SSPED","SUELA SPEED","38","EXPANSO","100","100","100"
"1014","PT-SSPED","SUELA SPEED","39","EXPANSO","100","100","100"
"1015","PT-SSPED","SUELA SPEED","40","EXPANSO","100","100","100"
"1016","PT-SSPED","SUELA SPEED","41","EXPANSO","100","100","100"
"1017","PT-SSPED","SUELA SPEED","42","EXPANSO","100","100","100"
"1018","PT-SSPED","SUELA SPEED","43","EXPANSO","100","100","100"
"1019","PT-STK 34-40","SUELA TOKIO GRANDE 34 AL 40","34","EXPANSO","100","100","100"
"1020","PT-STK 34-40","SUELA TOKIO GRANDE 34 AL 40","35","EXPANSO","100","100","100"
"1021","PT-STK 34-40","SUELA TOKIO GRANDE 34 AL 40","36","EXPANSO","100","100","100"
"1022","PT-STK 34-40","SUELA TOKIO GRANDE 34 AL 40","37","EXPANSO","100","100","100"
"1023","PT-STK 34-40","SUELA TOKIO GRANDE 34 AL 40","38","EXPANSO","100","100","100"
"1024","PT-STK 34-40","SUELA TOKIO GRANDE 34 AL 40","39","EXPANSO","100","100","100"
"1025","PT-STK 34-40","SUELA TOKIO GRANDE 34 AL 40","40","EXPANSO","100","100","100"
"1026","PT-SALPHA","SUELA ALPHA","34","EXPANSO","100","100","100"
"1027","PT-SALPHA","SUELA ALPHA","35","EXPANSO","100","100","100"
"1028","PT-SALPHA","SUELA ALPHA","36","EXPANSO","100","100","100"
"1029","PT-SALPHA","SUELA ALPHA","37","EXPANSO","100","100","100"
"1030","PT-SALPHA","SUELA ALPHA","38","EXPANSO","100","100","100"
"1031","PT-SALPHA","SUELA ALPHA","39","EXPANSO","100","100","100"
"1032","PT-SALPHA","SUELA ALPHA","40","EXPANSO","100","100","100"
"1033","PT-SX9TREN","SUELA X9 TRENZA","34","EXPANSO","100","100","100"
"1034","PT-SX9TREN","SUELA X9 TRENZA","35","EXPANSO","100","100","100"
"1035","PT-SX9TREN","SUELA X9 TRENZA","36","EXPANSO","100","100","100"
"1036","PT-SX9TREN","SUELA X9 TRENZA","37","EXPANSO","100","100","100"
"1037","PT-SX9TREN","SUELA X9 TRENZA","38","EXPANSO","100","100","100"
"1038","PT-SX9TREN","SUELA X9 TRENZA","39","EXPANSO","100","100","100"
"1039","PT-SX9TREN","SUELA X9 TRENZA","40","EXPANSO","100","100","100"
